issuer,title_of_class,cusip,value_thousands_usd,shares_or_principal,sh_or_prn,investment_discretion,voting_sole,voting_shared,voting_none
NVIDIA CORPORATION,COM,67066G104,2118004968,11356595,SH,SOLE,4470671,0,6885924
APPLE INC,COM,037833100,1730185549,6364252,SH,SOLE,2602995,0,3761257
MICROSOFT CORP,COM,594918104,1428263823,2953277,SH,SOLE,1246592,0,1706685
AMAZON COM INC,COM,023135106,876692445,3798165,SH,SOLE,1575692,0,2222473
ALPHABET INC,CAP STK CL A,02079K305,854932582,2731414,SH,SOLE,1247516,0,1483898
META PLATFORMS INC,CL A,30303M102,713045720,1080225,SH,SOLE,436681,0,643544
BROADCOM INC,COM,11135F101,663830183,1918030,SH,SOLE,822050,0,1095980
ALPHABET INC,CAP STK CL C,02079K107,569670637,1815394,SH,SOLE,582255,0,1233139
TESLA INC,COM,88160R101,433582248,964116,SH,SOLE,379495,0,584621
MASTERCARD INCORPORATED,CL A,57636Q104,377859192,661889,SH,SOLE,250267,0,411622
ELI LILLY & CO,COM,532457108,363096758,337865,SH,SOLE,130397,0,207468
PHILIP MORRIS INTL INC,COM,718172109,265583423,1655757,SH,SOLE,502592,0,1153165
JPMORGAN CHASE & CO.,COM,46625H100,262270647,813949,SH,SOLE,373552,0,440397
SYNCHRONY FINANCIAL,COM,87165B103,251637812,3016155,SH,SOLE,1269845,0,1746310
MCKESSON CORP,COM,58155Q103,245754783,299595,SH,SOLE,134297,0,165298
BANK AMERICA CORP,COM,060505104,232152745,4220959,SH,SOLE,1295903,0,2925056
PALANTIR TECHNOLOGIES INC,CL A,69608A108,229656022,1292017,SH,SOLE,346128,0,945889
WALMART INC,COM,931142103,215042245,1930188,SH,SOLE,641036,0,1289152
SERVICENOW INC,COM,81762P102,212053564,1384252,SH,SOLE,581647,0,802605
HARTFORD INSURANCE GROUP INC,COM,416515104,209224772,1518322,SH,SOLE,659255,0,859067
BOOKING HOLDINGS INC,COM,09857L108,204852083,38252,SH,SOLE,18783,0,19469
ARISTA NETWORKS INC,COM SHS,040413205,192727703,1470867,SH,SOLE,493246,0,977621
LAM RESEARCH CORP,COM NEW,512807306,190490473,1112808,SH,SOLE,580029,0,532779
GENERAL DYNAMICS CORP,COM,369550108,178999765,531693,SH,SOLE,256128,0,275565
BRISTOL-MYERS SQUIBB CO,COM,110122108,177776531,3295820,SH,SOLE,1267794,0,2028026
SIMON PPTY GROUP INC NEW,COM,828806109,176758392,954883,SH,SOLE,329964,0,624919
EXXON MOBIL CORP,COM,30231G102,176698832,1468330,SH,SOLE,375276,0,1093054
ALLSTATE CORP,COM,020002101,176557409,848222,SH,SOLE,398211,0,450011
PENTAIR PLC,SHS,G7S00T104,161514371,1550935,SH,SOLE,825738,0,725197
EXELON CORP,COM,30161N101,160715371,3686978,SH,SOLE,1773949,0,1913029
NEWMONT CORP,COM,651639106,160281217,1605220,SH,SOLE,321193,0,1284027
QUALCOMM INC,COM,747525103,158609705,927271,SH,SOLE,437747,0,489524
GILEAD SCIENCES INC,COM,375558103,152891449,1245653,SH,SOLE,355453,0,890200
BANK NEW YORK MELLON CORP,COM,064058100,149861742,1290910,SH,SOLE,754144,0,536766
COSTCO WHSL CORP NEW,COM,22160K105,147730052,171313,SH,SOLE,75690,0,95623
JOHNSON & JOHNSON,COM,478160104,147714908,713771,SH,SOLE,352323,0,361448
FREEPORT-MCMORAN INC,CL B,35671D857,145810776,2870856,SH,SOLE,914295,0,1956561
CAPITAL ONE FINL CORP,COM,14040H105,142790514,589167,SH,SOLE,115241,0,473926
BOSTON SCIENTIFIC CORP,COM,101137107,141993694,1489184,SH,SOLE,922673,0,566511
WELLS FARGO CO NEW,COM,949746101,141736416,1520777,SH,SOLE,1046916,0,473861
UBER TECHNOLOGIES INC,COM,90353T100,140198181,1715802,SH,SOLE,548591,0,1167211
NORTHERN TR CORP,COM,665859104,136899650,1002267,SH,SOLE,589667,0,412600
PARKER-HANNIFIN CORP,COM,701094104,135328197,153964,SH,SOLE,35535,0,118429
DEVON ENERGY CORP NEW,COM,25179M103,132206022,3609228,SH,SOLE,1520103,0,2089125
INTUIT,COM,461202103,132189886,199556,SH,SOLE,111046,0,88510
DELTA AIR LINES INC DEL,COM NEW,247361702,125197947,1804005,SH,SOLE,684865,0,1119140
AECOM,COM,00766T100,122180266,1281656,SH,SOLE,559317,0,722339
CONSOLIDATED EDISON INC,COM,209115104,119412933,1202305,SH,SOLE,752466,0,449839
SALESFORCE INC,COM,79466L302,116874053,441184,SH,SOLE,258982,0,182202
VISA INC,COM CL A,92826C839,116370839,331815,SH,SOLE,70529,0,261286
INVESCO EXCH TRADED FD TR II,PURBTA MSCI US,46138E461,112830105,1648358,SH,SOLE,1648358,0,0
US FOODS HLDG CORP,COM,912008109,112748994,1496933,SH,SOLE,743696,0,753237
MICRON TECHNOLOGY INC,COM,595112103,111005938,388935,SH,SOLE,131700,0,257235
COCA COLA CO,COM,191216100,109110844,1560733,SH,SOLE,685278,0,875455
BAKER HUGHES COMPANY,CL A,05722G100,109001356,2393530,SH,SOLE,1285509,0,1108021
EBAY INC.,COM,278642103,107683995,1236326,SH,SOLE,629927,0,606399
STATE STR CORP,COM,857477103,107490745,833197,SH,SOLE,439157,0,394040
VENTAS INC,COM,92276F100,106152592,1371835,SH,SOLE,804134,0,567701
GENERAL MTRS CO,COM,37045V100,104410407,1283945,SH,SOLE,629013,0,654932
VEEVA SYS INC,CL A COM,922475108,103626491,464214,SH,SOLE,204579,0,259635
DTE ENERGY CO,COM,233331107,103587578,803129,SH,SOLE,253325,0,549804
NRG ENERGY INC,COM NEW,629377508,102322847,642570,SH,SOLE,360144,0,282426
BORGWARNER INC,COM,099724106,101199353,2245880,SH,SOLE,1101201,0,1144679
ALLEGION PLC,ORD SHS,G0176J109,99400568,624297,SH,SOLE,342291,0,282006
HOWMET AEROSPACE INC,COM,443201108,98957003,482670,SH,SOLE,103247,0,379423
HCA HEALTHCARE INC,COM,40412C101,98463108,210905,SH,SOLE,25409,0,185496
INCYTE CORP,COM,45337C102,97991199,992115,SH,SOLE,506069,0,486046
EXPEDIA GROUP INC,COM NEW,30212P303,97869156,345449,SH,SOLE,175419,0,170030
ALTRIA GROUP INC,COM,02209S103,96976912,1681875,SH,SOLE,79502,0,1602373
ZOOM COMMUNICATIONS INC,CL A,98980L101,96971149,1123782,SH,SOLE,453254,0,670528
NATERA INC,COM,632307104,90128588,393420,SH,SOLE,181153,0,212267
CONSTELLATION ENERGY CORP,COM,21037T109,86999096,246268,SH,SOLE,54240,0,192028
POPULAR INC,COM NEW,733174700,84708715,680282,SH,SOLE,383623,0,296659
AMGEN INC,COM,031162100,84433870,257963,SH,SOLE,40400,0,217563
VERTIV HOLDINGS CO,COM CL A,92537N108,81064296,500366,SH,SOLE,74056,0,426310
AUTODESK INC,COM,052769106,80298633,271270,SH,SOLE,170998,0,100272
CISCO SYS INC,COM,17275R102,80060745,1039345,SH,SOLE,602108,0,437237
ALCOA CORP,COM,013872106,79522310,1496468,SH,SOLE,669804,0,826664
ELASTIC N V,ORD SHS,N14506104,77807156,1031378,SH,SOLE,514175,0,517203
DOORDASH INC,CL A,25809K105,76854176,339342,SH,SOLE,111474,0,227868
GE AEROSPACE,COM NEW,369604301,76522661,248426,SH,SOLE,104700,0,143726
BERKSHIRE HATHAWAY INC DEL,CL B NEW,084670702,76291714,151779,SH,SOLE,51737,0,100042
OSHKOSH CORP,COM,688239201,76257787,607003,SH,SOLE,393116,0,213887
SNOWFLAKE INC,COM SHS,833445109,76181754,347291,SH,SOLE,192011,0,155280
UNITEDHEALTH GROUP INC,COM,91324P102,74688378,226253,SH,SOLE,15410,0,210843
MERCK & CO INC,COM,58933Y105,74254825,705442,SH,SOLE,93900,0,611542
SCHWAB CHARLES CORP,COM,808513105,72378800,724440,SH,SOLE,199710,0,524730
MEDTRONIC PLC,SHS,G5960L103,71955088,749064,SH,SOLE,188314,0,560750
SS&C TECHNOLOGIES HLDGS INC,COM,78467J100,71116695,813506,SH,SOLE,404596,0,408910
CORTEVA INC,COM,22052L104,70888247,1057560,SH,SOLE,613689,0,443871
KEYCORP,COM,493267108,69489472,3366738,SH,SOLE,1490425,0,1876313
ITT INC,COM,45073V108,67397357,388435,SH,SOLE,243883,0,144552
MERCADOLIBRE INC,COM,58733R102,66720348,33124,SH,SOLE,4201,0,28923
PALO ALTO NETWORKS INC,COM,697435105,66059093,358627,SH,SOLE,92759,0,265868
AMERICAN EXPRESS CO,COM,025816109,65282857,176464,SH,SOLE,61842,0,114622
INTERCONTINENTAL EXCHANGE IN,COM,45866F104,64531018,398438,SH,SOLE,107626,0,290812
NEXTERA ENERGY INC,COM,65339F101,64379583,801938,SH,SOLE,516471,0,285467
AMERICAN TOWER CORP NEW,COM,03027X100,64291100,366185,SH,SOLE,176450,0,189735
AMETEK INC,COM,031100100,64266547,313022,SH,SOLE,107442,0,205580
ENTERGY CORP NEW,COM,29364G103,63933369,691695,SH,SOLE,176029,0,515666
ABBVIE INC,COM,00287Y109,62921805,275381,SH,SOLE,114409,0,160972
ADVANCED MICRO DEVICES INC,COM,007903107,60197806,281088,SH,SOLE,173162,0,107926
CROWN HLDGS INC,COM,228368106,59717966,579955,SH,SOLE,376002,0,203953
TYSON FOODS INC,CL A,902494103,57444141,979941,SH,SOLE,824891,0,155050
DUPONT DE NEMOURS INC,COM,26614N102,57371470,1427151,SH,SOLE,892082,0,535069
PEPSICO INC,COM,713448108,57156696,398249,SH,SOLE,351584,0,46665
CITIGROUP INC,COM NEW,172967424,57057092,488963,SH,SOLE,53103,0,435860
NASDAQ INC,COM,631103108,56574728,582464,SH,SOLE,360457,0,222007
APPLIED MATLS INC,COM,038222105,56545767,220031,SH,SOLE,42059,0,177972
EMCOR GROUP INC,COM,29084Q100,56525725,92394,SH,SOLE,14761,0,77633
BRIDGEBIO PHARMA INC,COM,10806X102,56514101,738843,SH,SOLE,89512,0,649331
RTX CORPORATION,COM,75513E101,55732326,303884,SH,SOLE,160807,0,143077
ICICI BANK LIMITED,ADR,45104G104,54524941,1829696,SH,SOLE,63596,0,1766100
AXIS CAP HLDGS LTD,SHS,G0692U109,53587943,500401,SH,SOLE,265180,0,235221
US BANCORP DEL,COM NEW,902973304,52241734,979043,SH,SOLE,17333,0,961710
FORD MTR CO,COM,345370860,51945845,3959287,SH,SOLE,1022633,0,2936654
AGILENT TECHNOLOGIES INC,COM,00846U101,51773819,380494,SH,SOLE,232845,0,147649
APTIV PLC,COM SHS,G3265R107,51554475,677546,SH,SOLE,166587,0,510959
CENTENE CORP DEL,COM,15135B101,51206031,1244375,SH,SOLE,27078,0,1217297
APPLOVIN CORP,COM CL A,03831W108,51163153,75930,SH,SOLE,18006,0,57924
TE CONNECTIVITY PLC,ORD SHS,G87052109,51013202,224224,SH,SOLE,56579,0,167645
MONOLITHIC PWR SYS INC,COM,609839105,50839545,56092,SH,SOLE,12044,0,44048
ELEVANCE HEALTH INC FORMERLY,COM,036752103,50448702,143913,SH,SOLE,38621,0,105292
GE VERNOVA INC,COM,36828A101,50221626,76842,SH,SOLE,37406,0,39436
CARDINAL HEALTH INC,COM,14149Y108,49700175,241850,SH,SOLE,63185,0,178665
EOG RES INC,COM,26875P101,49101731,467591,SH,SOLE,333810,0,133781
INTERACTIVE BROKERS GROUP IN,COM CL A,45841N107,48873542,759968,SH,SOLE,137991,0,621977
ROSS STORES INC,COM,778296103,48528275,269392,SH,SOLE,136269,0,133123
COMCAST CORP NEW,CL A,20030N101,48358104,1617869,SH,SOLE,1321513,0,296356
CURTISS WRIGHT CORP,COM,231561101,48319367,87651,SH,SOLE,27439,0,60212
DATADOG INC,CL A COM,23804L103,46777296,343976,SH,SOLE,89736,0,254240
TRANE TECHNOLOGIES PLC,SHS,G8994E103,46255252,118847,SH,SOLE,96855,0,21992
JABIL INC,COM,466313103,45755177,200663,SH,SOLE,43366,0,157297
GENPACT LIMITED,SHS,G3922B107,45257732,967459,SH,SOLE,506442,0,461017
CREDO TECHNOLOGY GROUP HOLDI,ORDINARY SHARES,G25457105,44810943,311425,SH,SOLE,29791,0,281634
NETFLIX INC,COM,64110L106,44778370,477585,SH,SOLE,267403,0,210182
HEICO CORP NEW,COM,422806109,43602458,134746,SH,SOLE,21950,0,112796
IQVIA HLDGS INC,COM,46266C105,43454540,192780,SH,SOLE,65224,0,127556
ZSCALER INC,COM,98980G102,41551946,184741,SH,SOLE,23639,0,161102
METLIFE INC,COM,59156R108,41413029,524614,SH,SOLE,140150,0,384464
T-MOBILE US INC,COM,872590104,41223820,203033,SH,SOLE,96424,0,106609
SPX TECHNOLOGIES INC,COM,78473E103,40668197,203280,SH,SOLE,20470,0,182810
HOST HOTELS & RESORTS INC,COM,44107P104,40455339,2281745,SH,SOLE,396518,0,1885227
INFOSYS LTD,SPONSORED ADR,456788108,40447497,2269781,SH,SOLE,73141,0,2196640
RAMBUS INC DEL,COM,750917106,39944859,434703,SH,SOLE,49194,0,385509
VALERO ENERGY CORP,COM,91913Y100,39809643,244546,SH,SOLE,15366,0,229180
PAYPAL HLDGS INC,COM,70450Y103,39428801,675382,SH,SOLE,538841,0,136541
TD SYNNEX CORPORATION,COM,87162W100,39394663,262229,SH,SOLE,129371,0,132858
MOOG INC,CL A,615394202,39088314,160494,SH,SOLE,11732,0,148762
HUBSPOT INC,COM,443573100,38637565,96281,SH,SOLE,15155,0,81126
F5 INC,COM,315616102,38422501,150523,SH,SOLE,1199,0,149324
SANMINA CORPORATION,COM,801056102,38330879,255420,SH,SOLE,26973,0,228447
PINTEREST INC,CL A,72352L106,38165769,1474151,SH,SOLE,278250,0,1195901
ANALOG DEVICES INC,COM,032654105,37827518,139482,SH,SOLE,78769,0,60713
ROYAL CARIBBEAN GROUP,COM,V7780T103,37249487,133549,SH,SOLE,69586,0,63963
TENET HEALTHCARE CORP,COM NEW,88033G407,37132024,186856,SH,SOLE,58488,0,128368
ROBLOX CORP,CL A,771049103,36947006,455967,SH,SOLE,99825,0,356142
REGENERON PHARMACEUTICALS,COM,75886F107,36806621,47685,SH,SOLE,15552,0,32133
MORGAN STANLEY,COM NEW,617446448,36806585,207326,SH,SOLE,98950,0,108376
CEMEX SAB DE CV,SPON ADR NEW,151290889,36468490,3173933,SH,SOLE,9137,0,3164796
CHEVRON CORP NEW,COM,166764100,36359844,238566,SH,SOLE,120678,0,117888
SPOTIFY TECHNOLOGY S A,SHS,L8681T102,35786254,61625,SH,SOLE,13043,0,48582
DOCUSIGN INC,COM,256163106,35417178,517795,SH,SOLE,16282,0,501513
MONSTER BEVERAGE CORP NEW,COM,61174X109,34991575,456392,SH,SOLE,403904,0,52488
ORACLE CORP,COM,68389X105,34911110,179114,SH,SOLE,105665,0,73449
TTM TECHNOLOGIES INC,COM,87305R109,34684575,502675,SH,SOLE,48489,0,454186
TRAVELERS COMPANIES INC,COM,89417E109,34142963,117710,SH,SOLE,63950,0,53760
D R HORTON INC,COM,23331A109,33695819,233950,SH,SOLE,56297,0,177653
COEUR MNG INC,COM NEW,192108504,33685720,1889272,SH,SOLE,167024,0,1722248
MSCI INC,COM,55354G100,33662460,58673,SH,SOLE,51625,0,7048
BARRICK MNG CORP,COM SHS,06849F108,33068952,759333,SH,SOLE,652266,0,107067
COMFORT SYS USA INC,COM,199908104,32959136,35315,SH,SOLE,2434,0,32881
STERLING INFRASTRUCTURE INC,COM,859241101,32900739,107438,SH,SOLE,10067,0,97371
DELL TECHNOLOGIES INC,CL C,24703L202,32408813,257458,SH,SOLE,146516,0,110942
REPUBLIC SVCS INC,COM,760759100,31976634,150883,SH,SOLE,14190,0,136693
MONGODB INC,CL A,60937P106,30812381,73417,SH,SOLE,46744,0,26673
MEDPACE HLDGS INC,COM,58506Q109,30702036,54664,SH,SOLE,34004,0,20660
URBAN OUTFITTERS INC,COM,917047102,29872049,396918,SH,SOLE,38670,0,358248
TWILIO INC,CL A,90138F102,29271001,205786,SH,SOLE,142076,0,63710
JONES LANG LASALLE INC,COM,48020Q107,27359049,81312,SH,SOLE,29552,0,51760
MANHATTAN ASSOCIATES INC,COM,562750109,27336706,157733,SH,SOLE,30050,0,127683
PTC THERAPEUTICS INC,COM,69366J200,27333219,359837,SH,SOLE,87140,0,272697
CAMDEN PPTY TR,SH BEN INT,133131102,27058875,245811,SH,SOLE,55654,0,190157
HONEYWELL INTL INC,COM,438516106,26652415,136616,SH,SOLE,4507,0,132109
CHIPOTLE MEXICAN GRILL INC,COM,169656105,26627938,719674,SH,SOLE,9344,0,710330
COLGATE PALMOLIVE CO,COM,194162103,26616386,336831,SH,SOLE,253861,0,82970
FEDERAL SIGNAL CORP,COM,313855108,26022073,239636,SH,SOLE,17208,0,222428
ALKERMES PLC,SHS,G01767105,25992413,928964,SH,SOLE,85155,0,843809
CIRRUS LOGIC INC,COM,172755100,25835963,218025,SH,SOLE,39319,0,178706
INTERNATIONAL BANCSHARES COR,COM,459044103,25782241,388053,SH,SOLE,39894,0,348159
RENAISSANCERE HLDGS LTD,COM,G7496G103,25259133,89839,SH,SOLE,26198,0,63641
STIFEL FINL CORP,COM,860630102,25165839,200973,SH,SOLE,68347,0,132626
NATIONAL FUEL GAS CO,COM,636180101,24883449,310810,SH,SOLE,80910,0,229900
WABTEC,COM,929740108,24694244,115691,SH,SOLE,45485,0,70206
NETAPP INC,COM,64110D104,24593219,229650,SH,SOLE,144891,0,84759
NMI HLDGS INC,COM,629209305,24320997,596249,SH,SOLE,61202,0,535047
ZEBRA TECHNOLOGIES CORPORATI,CL A,989207105,24313081,100128,SH,SOLE,27334,0,72794
ATLASSIAN CORPORATION,CL A,049468101,24229391,149435,SH,SOLE,102,0,149333
AMERICAN EAGLE OUTFITTERS IN,COM,02553E106,23823502,903432,SH,SOLE,73433,0,829999
CARRIER GLOBAL CORPORATION,COM,14448C104,23664288,447848,SH,SOLE,358191,0,89657
MAXIMUS INC,COM,577933104,23502778,272275,SH,SOLE,23129,0,249146
VALMONT INDS INC,COM,920253101,23374792,58100,SH,SOLE,13407,0,44693
ARCHER DANIELS MIDLAND CO,COM,039483102,23087754,401596,SH,SOLE,5411,0,396185
MARATHON PETE CORP,COM,56585A102,23031010,141616,SH,SOLE,30380,0,111236
GAP INC,COM,364760108,23019520,899200,SH,SOLE,206584,0,692616
M & T BK CORP,COM,55261F104,22827885,113301,SH,SOLE,53646,0,59655
TRAVERE THERAPEUTICS INC,COM,89422G107,22442796,587354,SH,SOLE,179630,0,407724
CIENA CORP,COM NEW,171779309,21977933,93975,SH,SOLE,45003,0,48972
SIBANYE STILLWATER LTD,SPONSORED ADR,82575P107,21771008,1527790,SH,SOLE,1332,0,1526458
BILIBILI INC,SPONS ADS REP Z,090040106,21378251,869388,SH,SOLE,17666,0,851722
REINSURANCE GRP OF AMERICA I,COM NEW,759351604,21170420,104052,SH,SOLE,23656,0,80396
ADT INC DEL,COM,00090Q103,20477439,2537477,SH,SOLE,1895236,0,642241
ISHARES TR,MSCI INDIA ETF,46429B598,20467708,378681,SH,SOLE,378681,0,0
PNC FINL SVCS GROUP INC,COM,693475105,20449069,97969,SH,SOLE,95043,0,2926
QNITY ELECTRONICS INC,COMMON STOCK,74743L100,20358284,249336,SH,SOLE,56959,0,192377
ROCKWELL AUTOMATION INC,COM,773903109,20227360,51989,SH,SOLE,45875,0,6114
FIRST BANCORP P R,COM NEW,318672706,19898499,959889,SH,SOLE,72722,0,887167
ISHARES INC,CORE MSCI EMKT,46434G103,19620106,291879,SH,SOLE,0,0,291879
TERADYNE INC,COM,880770102,19160892,98992,SH,SOLE,1618,0,97374
KLA CORP,COM NEW,482480100,19079186,15702,SH,SOLE,923,0,14779
PORTLAND GEN ELEC CO,COM NEW,736508847,18915738,394160,SH,SOLE,35069,0,359091
ABERCROMBIE & FITCH CO,CL A,002896207,18910331,150237,SH,SOLE,12193,0,138044
CREDICORP LTD,COM,G2519Y108,18900098,65854,SH,SOLE,2087,0,63767
FEDEX CORP,COM,31428X106,18512171,64087,SH,SOLE,8365,0,55722
CHUBB LIMITED,COM,H1467J104,18268696,58531,SH,SOLE,18598,0,39933
ACADIA PHARMACEUTICALS INC,COM,004225108,18192234,681102,SH,SOLE,69573,0,611529
SKYWEST INC,COM,830879102,17472846,174015,SH,SOLE,17919,0,156096
CHEWY INC,CL A,16679L109,17364536,525402,SH,SOLE,118158,0,407244
PINNACLE FINL PARTNERS INC,COM,72346Q104,17321876,181552,SH,SOLE,791,0,180761
RESIDEO TECHNOLOGIES INC,COM,76118Y104,17225271,490469,SH,SOLE,43027,0,447442
COMMSCOPE HLDG CO INC,COM,20337X109,17066947,941365,SH,SOLE,69663,0,871702
ADTALEM GLOBAL ED INC,COM,00737L103,16898720,163320,SH,SOLE,15030,0,148290
TAPESTRY INC,COM,876030107,16823093,131667,SH,SOLE,50628,0,81039
DARLING INGREDIENTS INC,COM,237266101,16749108,465253,SH,SOLE,429979,0,35274
VIASAT INC,COM,92552V100,16720785,485223,SH,SOLE,35062,0,450161
INTUITIVE SURGICAL INC,COM NEW,46120E602,16666842,29428,SH,SOLE,29428,0,0
TARGA RES CORP,COM,87612G101,16572897,89826,SH,SOLE,85573,0,4253
LIVANOVA PLC,SHS,G5509L101,16220169,263614,SH,SOLE,59061,0,204553
UGI CORP NEW,COM,902681105,16141875,431255,SH,SOLE,157370,0,273885
JAZZ PHARMACEUTICALS PLC,SHS USD,G50871105,15946340,93802,SH,SOLE,1395,0,92407
CUMMINS INC,COM,231021106,15876016,31102,SH,SOLE,2414,0,28688
ARCHROCK INC,COM,03957W106,15834341,608545,SH,SOLE,49611,0,558934
MUELLER WTR PRODS INC,COM SER A,624758108,15761885,661708,SH,SOLE,58701,0,603007
ROLLINS INC,COM,775711104,15510969,258430,SH,SOLE,156733,0,101697
WAYFAIR INC,CL A,94419L101,15416951,153540,SH,SOLE,614,0,152926
GRAND CANYON ED INC,COM,38526M106,15277569,91862,SH,SOLE,22000,0,69862
PAN AMERN SILVER CORP,COM,697900108,15016559,289839,SH,SOLE,246279,0,43560
RELIANCE INC,COM,759509102,14994664,51908,SH,SOLE,12993,0,38915
MOODYS CORP,COM,615369105,14847344,29064,SH,SOLE,29064,0,0
LINDE PLC,SHS,G54950103,14759490,34615,SH,SOLE,28880,0,5735
RINGCENTRAL INC,CL A,76680R206,14681206,508352,SH,SOLE,305146,0,203206
CELSIUS HLDGS INC,COM NEW,15118V207,14512707,317287,SH,SOLE,58718,0,258569
BATH & BODY WORKS INC,COM,070830104,14242423,709284,SH,SOLE,154020,0,555264
MGIC INVT CORP WIS,COM,552848103,14101952,482613,SH,SOLE,373079,0,109534
FRESHWORKS INC,CLASS A COM,358054104,14089007,1150123,SH,SOLE,88304,0,1061819
PDD HOLDINGS INC,SPONSORED ADS,722304102,14048567,123896,SH,SOLE,11001,0,112895
VIKING HOLDINGS LTD,ORD SHS,G93A5A101,13943874,195265,SH,SOLE,87,0,195178
ACCENTURE PLC IRELAND,SHS CLASS A,G1151C101,13888013,51763,SH,SOLE,45218,0,6545
FRONTDOOR INC,COM,35905A109,13864638,240330,SH,SOLE,13722,0,226608
GRACO INC,COM,384109104,13855061,169026,SH,SOLE,8432,0,160594
BANNER CORP,COM NEW,06652V208,13758695,219577,SH,SOLE,22609,0,196968
TJX COS INC NEW,COM,872540109,13299400,86579,SH,SOLE,81366,0,5213
H WORLD GROUP LTD,SPONSORED ADS,44332N106,13010125,276517,SH,SOLE,5466,0,271051
JOHNSON CTLS INTL PLC,SHS,G51502105,12584049,105086,SH,SOLE,72158,0,32928
AIRBNB INC,COM CL A,009066101,12447831,91717,SH,SOLE,66507,0,25210
TRANSMEDICS GROUP INC,COM,89377M109,12411341,102025,SH,SOLE,991,0,101034
PATHWARD FINANCIAL INC,COM,59100U108,12371821,174251,SH,SOLE,17463,0,156788
CLEAR SECURE INC,COM CL A,18467V109,12285507,350214,SH,SOLE,18347,0,331867
ALNYLAM PHARMACEUTICALS INC,COM,02043Q107,12264719,30843,SH,SOLE,14040,0,16803
PLEXUS CORP,COM,729132100,12135879,82557,SH,SOLE,8256,0,74301
ONE GAS INC,COM,68235P108,12082673,156410,SH,SOLE,14057,0,142353
MINERALS TECHNOLOGIES INC,COM,603158106,12018791,197191,SH,SOLE,10861,0,186330
TUTOR PERINI CORP,COM,901109108,11876547,177209,SH,SOLE,15358,0,161851
CONSTELLIUM SE,CL A SHS,F21107101,11709300,621183,SH,SOLE,77366,0,543817
AMRIZE LTD,SHS,H2927K103,11524069,213093,SH,SOLE,72,0,213021
CONOCOPHILLIPS,COM,20825C104,11513375,122993,SH,SOLE,122993,0,0
STEEL DYNAMICS INC,COM,858119100,11500741,67871,SH,SOLE,9674,0,58197
INTERFACE INC,COM,458665304,11482156,411252,SH,SOLE,87514,0,323738
ZETA GLOBAL HOLDINGS CORP,CL A,98956A105,11240180,552343,SH,SOLE,54310,0,498033
HURON CONSULTING GROUP INC,COM,447462102,11159784,64541,SH,SOLE,8602,0,55939
PEDIATRIX MEDICAL GROUP INC,COM,58502B106,11125281,520116,SH,SOLE,131524,0,388592
COREBRIDGE FINL INC,COM,21871X109,11066386,366801,SH,SOLE,0,0,366801
BGC GROUP INC,CL A,088929104,10958280,1227131,SH,SOLE,171677,0,1055454
PROTAGONIST THERAPEUTICS INC,COM,74366E102,10951039,125384,SH,SOLE,9329,0,116055
HALLIBURTON CO,COM,406216101,10756999,380644,SH,SOLE,251083,0,129561
UNITED NAT FOODS INC,COM,911163103,10499013,311821,SH,SOLE,25286,0,286535
CRH PLC,ORD,G25508105,10480454,83978,SH,SOLE,0,0,83978
LIFE TIME GROUP HOLDINGS INC,COMMON STOCK,53190C102,10466380,393769,SH,SOLE,45776,0,347993
BELLRING BRANDS INC,COMMON STOCK,07831C103,10403022,389189,SH,SOLE,100076,0,289113
CHECK POINT SOFTWARE TECH LT,ORD,M22465104,10256643,55274,SH,SOLE,55274,0,0
XENIA HOTELS & RESORTS INC,COM,984017103,10109068,714927,SH,SOLE,72992,0,641935
VIRIDIAN THERAPEUTICS INC,COM,92790C104,10106096,324746,SH,SOLE,115978,0,208768
FIRST BANCORP N C,COM,318910106,10062007,198110,SH,SOLE,20344,0,177766
BEONE MEDICINES LTD,SPONSORED ADS,07725L102,10007805,32941,SH,SOLE,1964,0,30977
INTAPP INC,COM,45827U109,9939641,216928,SH,SOLE,16801,0,200127
TANGER INC,COM,875465106,9818622,294235,SH,SOLE,31201,0,263034
HP INC,COM,40434L105,9739747,437152,SH,SOLE,391533,0,45619
OMNICELL COM,COM,68213N109,9549784,210812,SH,SOLE,53001,0,157811
AMERIS BANCORP,COM,03076K108,9372651,126197,SH,SOLE,17218,0,108979
SM ENERGY CO,COM,78454L100,9361052,500591,SH,SOLE,61943,0,438648
OCEANEERING INTL INC,COM,675232102,9226703,383966,SH,SOLE,23370,0,360596
ATMUS FILTRATION TECHNOLOGIE,COM,04956D107,9091829,175146,SH,SOLE,9413,0,165733
AVIENT CORPORATION,COM,05368V106,9073752,290453,SH,SOLE,31869,0,258584
ATRICURE INC,COM,04963C209,8963307,226575,SH,SOLE,21810,0,204765
XENCOR INC,COM,98401F105,8937641,583778,SH,SOLE,309192,0,274586
PROTO LABS INC,COM,743713109,8882845,175585,SH,SOLE,21480,0,154105
REGIONS FINANCIAL CORP NEW,COM,7591EP100,8856388,326804,SH,SOLE,326804,0,0
TETRA TECHNOLOGIES INC DEL,COM,88162F105,8824591,941792,SH,SOLE,104995,0,836797
CALIX INC,COM,13100M509,8744989,165218,SH,SOLE,18011,0,147207
VARONIS SYS INC,COM,922280102,8730409,266171,SH,SOLE,45797,0,220374
TREVI THERAPEUTICS INC,COM,89532M101,8676373,693001,SH,SOLE,344711,0,348290
ASML HOLDING N V,N Y REGISTRY SHS,N07059210,8618792,8056,SH,SOLE,18,0,8038
ALEXANDER & BALDWIN INC NEW,COM,014491104,8550492,414268,SH,SOLE,23967,0,390301
LYFT INC,CL A COM,55087P104,8528398,440289,SH,SOLE,1863,0,438426
MORNINGSTAR INC,COM,617700109,8433584,38809,SH,SOLE,2060,0,36749
HELIX ENERGY SOLUTIONS GRP I,COM,42330P107,8412578,1341719,SH,SOLE,114525,0,1227194
KB HOME,COM,48666K109,8354716,148107,SH,SOLE,16638,0,131469
SPDR S&P 500 ETF TR,TR UNIT,78462F103,8179630,11995,SH,SOLE,2120,0,9875
M/I HOMES INC,COM,55305B101,8166281,63824,SH,SOLE,6166,0,57658
CBOE GLOBAL MKTS INC,COM,12503M108,8054088,32088,SH,SOLE,5405,0,26683
ESSENT GROUP LTD,COM,G3198U102,7978937,122734,SH,SOLE,30938,0,91796
NPK INTERNATIONAL INC,COM SHS,651718504,7978092,669303,SH,SOLE,204716,0,464587
MERITAGE HOMES CORP,COM,59001A102,7975092,121202,SH,SOLE,13663,0,107539
FABRINET,SHS,G3323L100,7948278,17458,SH,SOLE,1031,0,16427
TECHNIPFMC PLC,COM,G87110105,7880703,176856,SH,SOLE,6025,0,170831
TAYLOR MORRISON HOME CORP,COM,87724P106,7877571,133813,SH,SOLE,12949,0,120864
OFG BANCORP,COM,67103X102,7864021,191899,SH,SOLE,10221,0,181678
HILLTOP HOLDINGS INC,COM,432748101,7833929,230817,SH,SOLE,6107,0,224710
SIGNET JEWELERS LIMITED,SHS,G81276100,7765442,93695,SH,SOLE,22814,0,70881
SOMNIGROUP INTERNATIONAL INC,COM,88023U101,7743076,86728,SH,SOLE,86728,0,0
ARGAN INC,COM,04010E109,7625895,24339,SH,SOLE,632,0,23707
BRINKER INTL INC,COM,109641100,7522314,52413,SH,SOLE,1704,0,50709
WORKIVA INC,COM CL A,98139A105,7388520,85664,SH,SOLE,9792,0,75872
BOX INC,CL A,10316T104,7359714,246062,SH,SOLE,26760,0,219302
AMERICAN SUPERCONDUCTOR CORP,SHS NEW,030111207,7332712,254785,SH,SOLE,25416,0,229369
DIGITAL RLTY TR INC,COM,253868103,7293184,47141,SH,SOLE,41896,0,5245
FIFTH THIRD BANCORP,COM,316773100,7143721,152611,SH,SOLE,152611,0,0
EVERTEC INC,COM,30040P103,6886621,236735,SH,SOLE,13879,0,222856
RUSH STREET INTERACTIVE INC,COM,782011100,6840545,352061,SH,SOLE,49716,0,302345
WEST PHARMACEUTICAL SVSC INC,COM,955306105,6768169,24599,SH,SOLE,21377,0,3222
BREAD FINANCIAL HOLDINGS INC,COM,018581108,6734361,90968,SH,SOLE,7778,0,83190
ROKU INC,COM CL A,77543R102,6631668,61127,SH,SOLE,55610,0,5517
WESTERN DIGITAL CORP,COM,958102105,6627916,38474,SH,SOLE,672,0,37802
TRI POINTE HOMES INC,COM,87265H109,6625788,210543,SH,SOLE,22161,0,188382
PEGASYSTEMS INC,COM,705573103,6472454,108380,SH,SOLE,74171,0,34209
DANAHER CORPORATION,COM,235851102,6450966,28180,SH,SOLE,28180,0,0
UNITED CMNTY BKS BLAIRSVLE G,COM,90984P303,6394949,204835,SH,SOLE,36231,0,168604
APPFOLIO INC,COM CL A,03783C100,6348553,27288,SH,SOLE,27288,0,0
WILLDAN GROUP INC,COM,96924N100,6339224,61154,SH,SOLE,7277,0,53877
ALIBABA GROUP HLDG LTD,SPONSORED ADS,01609W102,6338559,43243,SH,SOLE,32477,0,10766
BLOOM ENERGY CORP,COM CL A,093712107,6335497,72914,SH,SOLE,7632,0,65282
THE REALREAL INC,COM,88339P101,6294705,398904,SH,SOLE,60733,0,338171
CATERPILLAR INC,COM,149123101,6292404,10984,SH,SOLE,10984,0,0
INNOSPEC INC,COM,45768S105,6283781,82098,SH,SOLE,7400,0,74698
ARES MANAGEMENT CORPORATION,CL A COM STK,03990B101,6274477,38820,SH,SOLE,37959,0,861
UP FINTECH HLDG LTD,SPONSORED ADS,91531W106,6026672,630405,SH,SOLE,5904,0,624501
AMERICAN PUB ED INC,COM,02913V103,5995193,158603,SH,SOLE,63900,0,94703
AMERICAN ASSETS TR INC,COM,024013104,5989206,316387,SH,SOLE,26882,0,289505
ELANCO ANIMAL HEALTH INC,COM,28414H103,5941597,262554,SH,SOLE,262554,0,0
CNO FINL GROUP INC,COM,12621E103,5854702,137855,SH,SOLE,18156,0,119699
ALIGNMENT HEALTHCARE INC,COM,01625V104,5837982,295594,SH,SOLE,102657,0,192937
BUNGE GLOBAL SA,COM SHS,H11356104,5830108,65448,SH,SOLE,1960,0,63488
SALLY BEAUTY HLDGS INC,COM,79546E104,5824554,408454,SH,SOLE,52968,0,355486
UPBOUND GROUP INC,COM,76009N100,5772903,328753,SH,SOLE,32851,0,295902
PAR PAC HOLDINGS INC,COM NEW,69888T207,5759587,163904,SH,SOLE,22855,0,141049
RYMAN HOSPITALITY PPTYS INC,COM,78377T107,5754599,60818,SH,SOLE,2102,0,58716
PERFORMANCE FOOD GROUP CO,COM,71377A103,5666309,63015,SH,SOLE,63015,0,0
URBAN EDGE PPTYS,COM,91704F104,5618122,292763,SH,SOLE,20174,0,272589
MATERION CORP,COM,576690101,5588433,44952,SH,SOLE,4005,0,40947
TOAST INC,CL A,888787108,5570347,156867,SH,SOLE,138113,0,18754
VERACYTE INC,COM,92337F107,5544823,131706,SH,SOLE,9886,0,121820
BARCLAYS PLC,ADR,06738E204,5490227,215726,SH,SOLE,235,0,215491
TKO GROUP HOLDINGS INC,CL A,87256C101,5451138,26082,SH,SOLE,26082,0,0
MYERS INDS INC,COM,628464109,5358450,286242,SH,SOLE,115533,0,170709
MARSH & MCLENNAN COS INC,COM,571748102,5311438,28630,SH,SOLE,13940,0,14690
SOUTHERN COPPER CORP,COM,84265V105,5282565,36820,SH,SOLE,1904,0,34916
ACV AUCTIONS INC,COM CL A,00091G104,5250413,654665,SH,SOLE,71659,0,583006
PROG HOLDINGS INC,COM NPV,74319R101,5239016,177654,SH,SOLE,15780,0,161874
GARMIN LTD,SHS,H2906T109,5212636,25697,SH,SOLE,25697,0,0
PROCORE TECHNOLOGIES INC,COM,74275K108,5199964,71487,SH,SOLE,71487,0,0
COGNIZANT TECHNOLOGY SOLUTIO,CL A,192446102,5192231,62557,SH,SOLE,62557,0,0
PHREESIA INC,COM,71944F106,5161683,305064,SH,SOLE,130219,0,174845
CLOUDFLARE INC,CL A COM,18915M107,5091399,25825,SH,SOLE,25825,0,0
KODIAK SCIENCES INC,COM,50015M109,5052875,180718,SH,SOLE,51345,0,129373
SEAGATE TECHNOLOGY HLDNGS PL,ORD SHS,G7997R103,5032201,18273,SH,SOLE,12718,0,5555
PROVIDENT FINL SVCS INC,COM,74386T105,5008403,253590,SH,SOLE,36437,0,217153
FLUOR CORP NEW,COM,343412102,5006933,126342,SH,SOLE,38516,0,87826
ALPHATEC HLDGS INC,COM NEW,02081G201,5002344,237754,SH,SOLE,22195,0,215559
FIRST FINANCIAL CORPORATION,COM,320218100,4980481,82431,SH,SOLE,30867,0,51564
DILLARDS INC,CL A,254067101,4934395,8138,SH,SOLE,8138,0,0
HEALTHSTREAM INC,COM,42222N103,4931189,213749,SH,SOLE,66955,0,146794
REX AMERICAN RES CORP,COM,761624105,4924178,152357,SH,SOLE,21687,0,130670
TOWNEBANK PORTSMOUTH VA,COM,89214P109,4916369,147329,SH,SOLE,11320,0,136009
HOME DEPOT INC,COM,437076102,4862477,14131,SH,SOLE,14131,0,0
MURPHY USA INC,COM,626755102,4854346,12030,SH,SOLE,12030,0,0
MERIT MED SYS INC,COM,589889104,4839415,54906,SH,SOLE,22345,0,32561
S & T BANCORP INC,COM,783859101,4763868,121064,SH,SOLE,15939,0,105125
FEDERATED HERMES INC,CL B,314211103,4748680,91198,SH,SOLE,13972,0,77226
THREDUP INC,CL A,88556E102,4705724,736420,SH,SOLE,222273,0,514147
KINDER MORGAN INC DEL,COM,49456B101,4684159,170395,SH,SOLE,170395,0,0
PLANET LABS PBC,COM CL A,72703X106,4675435,237091,SH,SOLE,12477,0,224614
DUTCH BROS INC,CL A,26701L100,4666372,76223,SH,SOLE,76223,0,0
VERISK ANALYTICS INC,COM,92345Y106,4654318,20807,SH,SOLE,18984,0,1823
COURSERA INC,COM,22266M104,4649275,631695,SH,SOLE,33790,0,597905
FIRST FINL BANKSHARES INC,COM,32020R109,4610106,154339,SH,SOLE,5746,0,148593
PURE STORAGE INC,CL A,74624M102,4580201,68351,SH,SOLE,59930,0,8421
LIQUIDITY SVCS INC,COM,53635B107,4556017,150314,SH,SOLE,35658,0,114656
TOPBUILD CORP,COM,89055F103,4526512,10850,SH,SOLE,10850,0,0
OIL STS INTL INC,COM,678026105,4520911,667786,SH,SOLE,338983,0,328803
PAGAYA TECHNOLOGIES LTD,CL A NEW,M7S64L123,4499854,215304,SH,SOLE,47030,0,168274
APTARGROUP INC,COM,038336103,4496055,36865,SH,SOLE,18819,0,18046
CONMED CORP,COM,207410101,4493080,110667,SH,SOLE,52526,0,58141
WILLIAMS COS INC,COM,969457100,4483905,74595,SH,SOLE,74595,0,0
MCDONALDS CORP,COM,580135101,4395571,14382,SH,SOLE,14382,0,0
COMMERCIAL METALS CO,COM,201723103,4382664,63315,SH,SOLE,27059,0,36256
CENTURY CMNTYS INC,COM,156504300,4349762,73290,SH,SOLE,6937,0,66353
TELEFONAKTIEBOLAGET LM ERICS,ADR B SEK 10,294821608,4313994,447046,SH,SOLE,447046,0,0
UNITED AIRLS HLDGS INC,COM,910047109,4284495,38316,SH,SOLE,38316,0,0
AXOGEN INC,COM,05463X106,4271167,130497,SH,SOLE,17974,0,112523
VULCAN MATLS CO,COM,929160109,4267176,14961,SH,SOLE,14961,0,0
BANK OF NT BUTTERFIELD&SON L,SHS NEW,G0772R208,4258863,85485,SH,SOLE,7705,0,77780
LINDSAY CORP,COM,535555106,4250628,36062,SH,SOLE,3988,0,32074
INGEVITY CORP,COM,45688C107,4219712,71303,SH,SOLE,1785,0,69518
PACKAGING CORP AMER,COM,695156109,4204411,20387,SH,SOLE,20387,0,0
ALLIANT ENERGY CORP,COM,018802108,4199646,64600,SH,SOLE,64600,0,0
AVEANNA HEALTHCARE HLDGS INC,COM,05356F105,4150621,508032,SH,SOLE,261843,0,246189
SPRINKLR INC,CL A,85208T107,4144616,532727,SH,SOLE,40597,0,492130
APA CORPORATION,COM,03743Q108,4086948,167087,SH,SOLE,167087,0,0
SILICON LABORATORIES INC,COM,826919102,4011837,30695,SH,SOLE,9227,0,21468
HUMANA INC,COM,444859102,3993067,15590,SH,SOLE,15590,0,0
SYNAPTICS INC,COM,87157D109,3961698,53522,SH,SOLE,976,0,52546
GRAHAM CORP,COM,384556106,3955540,61584,SH,SOLE,12571,0,49013
PROLOGIS INC.,COM,74340W103,3954524,30977,SH,SOLE,19477,0,11500
LXP INDUSTRIAL TRUST,COM,529043408,3938883,79445,SH,SOLE,33045,0,46400
DUKE ENERGY CORP NEW,COM NEW,26441C204,3935209,33574,SH,SOLE,33574,0,0
VERIZON COMMUNICATIONS INC,COM,92343V104,3933622,96578,SH,SOLE,96578,0,0
ISHARES TR,MSCI SAUDI ARBIA,46434V423,3920520,107677,SH,SOLE,107677,0,0
ADOBE INC,COM,00724F101,3907988,11166,SH,SOLE,3045,0,8121
UNITIL CORP,COM,913259107,3881061,80121,SH,SOLE,3838,0,76283
LIFESTANCE HEALTH GROUP INC,COM,53228F101,3875189,550453,SH,SOLE,361734,0,188719
AT&T INC,COM,00206R102,3863514,155536,SH,SOLE,155536,0,0
ARDELYX INC,COM,039697107,3842903,659160,SH,SOLE,659160,0,0
NUCOR CORP,COM,670346105,3802420,23312,SH,SOLE,23312,0,0
IDT CORP,CL B NEW,448947507,3786826,73947,SH,SOLE,8126,0,65821
AMCOR PLC,ORD,G0250X107,3771790,452253,SH,SOLE,452253,0,0
MCGRATH RENTCORP,COM,580589109,3679056,35062,SH,SOLE,3772,0,31290
LOWES COS INC,COM,548661107,3652851,15147,SH,SOLE,15147,0,0
INTERNATIONAL PAPER CO,COM,460146103,3646726,92580,SH,SOLE,92580,0,0
NEWMARK GROUP INC,CL A,65158N102,3625083,209059,SH,SOLE,4395,0,204664
LIBERTY LATIN AMERICA LTD,COM CL A,G9001E102,3617693,489539,SH,SOLE,21123,0,468416
ICF INTL INC,COM,44925C103,3596930,42168,SH,SOLE,0,0,42168
ABBOTT LABS,COM,002824100,3549090,28327,SH,SOLE,28327,0,0
THERMO FISHER SCIENTIFIC INC,COM,883556102,3533486,6098,SH,SOLE,6098,0,0
COUPANG INC,CL A,22266T109,3524204,149394,SH,SOLE,149394,0,0
RAPID7 INC,COM,753422104,3511610,231027,SH,SOLE,41111,0,189916
VIEMED HEALTHCARE INC,COM,92663R105,3482738,468740,SH,SOLE,301252,0,167488
AIR PRODS & CHEMS INC,COM,009158106,3464950,14027,SH,SOLE,14027,0,0
BJS RESTAURANTS INC,COM,09180C106,3438359,87268,SH,SOLE,10467,0,76801
SPROUT SOCIAL INC,COM CL A,85209W109,3429777,304328,SH,SOLE,34377,0,269951
YUM BRANDS INC,COM,988498101,3403044,22495,SH,SOLE,22495,0,0
PROCTER AND GAMBLE CO,COM,742718109,3382259,23601,SH,SOLE,23601,0,0
KAISER ALUMINUM CORP,COM PAR $0.01,483007704,3336338,29047,SH,SOLE,3512,0,25535
INDEPENDENT BK CORP MASS,COM,453836108,3311401,45312,SH,SOLE,0,0,45312
PORCH GROUP INC,COM,733245104,3297135,361132,SH,SOLE,49985,0,311147
INTERNATIONAL BUSINESS MACHS,COM,459200101,3264234,11020,SH,SOLE,11020,0,0
MONTROSE ENVIRONMENTAL GROUP,COM,615111101,3245107,130693,SH,SOLE,7712,0,122981
HOMETRUST BANCSHARES INC,COM,437872104,3220371,74997,SH,SOLE,6249,0,68748
TANDEM DIABETES CARE INC,COM NEW,875372203,3214223,146234,SH,SOLE,30434,0,115800
REGENXBIO INC,COM,75901B107,3207096,222715,SH,SOLE,16117,0,206598
APPIAN CORP,CL A,03782L101,3189890,90059,SH,SOLE,11635,0,78424
REDDIT INC,CL A,75734B100,3181631,13841,SH,SOLE,9732,0,4109
BHP GROUP LTD,SPONSORED ADS,088606108,3163931,52409,SH,SOLE,52409,0,0
STRYKER CORPORATION,COM,863667101,3161121,8994,SH,SOLE,8994,0,0
WARBY PARKER INC,CL A COM,93403J106,3129959,143642,SH,SOLE,26783,0,116859
CAPITAL CITY BK GROUP INC,COM,139674105,3129150,73506,SH,SOLE,8317,0,65189
NWPX INFRASTRUCTURE INC,COM,667746101,3066447,49071,SH,SOLE,29569,0,19502
BLEND LABS INC,CL A,09352U108,3046600,1002171,SH,SOLE,598851,0,403320
LEGEND BIOTECH CORP,SPONSORED ADS,52490G102,3041274,139893,SH,SOLE,2669,0,137224
STAG INDL INC,COM,85254J102,3038398,82655,SH,SOLE,4878,0,77777
YELP INC,CL A,985817105,3003292,98825,SH,SOLE,12365,0,86460
NB BANCORP INC,COM,63945M107,2980750,150391,SH,SOLE,111340,0,39051
PUBLIC SVC ENTERPRISE GRP IN,COM,744573106,2956887,36823,SH,SOLE,36823,0,0
UNIVERSAL HEALTH RLTY INCOME,SH BEN INT,91359E105,2944083,75085,SH,SOLE,4936,0,70149
SOUTHERN CO,COM,842587107,2941082,33728,SH,SOLE,33728,0,0
ATI INC,COM,01741R102,2919035,25436,SH,SOLE,25436,0,0
FOX CORP,CL B COM,35137L204,2912695,44859,SH,SOLE,44859,0,0
INVENTRUST PPTYS CORP,COM NEW,46124J201,2907012,103049,SH,SOLE,10444,0,92605
IBEX LTD,SHS NEW,G4690M101,2904963,76086,SH,SOLE,52812,0,23274
STITCH FIX INC,COM CL A,860897107,2901444,552656,SH,SOLE,66378,0,486278
LUXFER HLDGS PLC,SHS,G5698W116,2882323,213032,SH,SOLE,81255,0,131777
HOLOGIC INC,COM,436440101,2868237,38505,SH,SOLE,38505,0,0
CINTAS CORP,COM,172908105,2845875,15132,SH,SOLE,15132,0,0
LINDBLAD EXPEDITIONS HLDGS I,COM,535219109,2844085,197232,SH,SOLE,19017,0,178215
LEIDOS HOLDINGS INC,COM,525327102,2807024,15560,SH,SOLE,15560,0,0
SUNRUN INC,COM,86771W105,2801915,152278,SH,SOLE,2912,0,149366
SOUTH PLAINS FINANCIAL INC,COM,83946P107,2798799,72134,SH,SOLE,21268,0,50866
INTERCORP FINL SVCS INC,SHS,P5626F128,2756069,65063,SH,SOLE,2055,0,63008
HOVNANIAN ENTERPRISES INC,CL A NEW,442487401,2749360,28187,SH,SOLE,2081,0,26106
GLOBAL INDUSTRIAL COMPANY,COM,37892E102,2700834,92431,SH,SOLE,12201,0,80230
SHAKE SHACK INC,CL A,819047101,2696954,33226,SH,SOLE,13635,0,19591
BERKLEY W R CORP,COM,084423102,2685316,38296,SH,SOLE,38296,0,0
OUSTER INC,COM NEW,68989M202,2683555,124009,SH,SOLE,61028,0,62981
ADAPTIVE BIOTECHNOLOGIES COR,COM,00650F109,2675329,164737,SH,SOLE,71325,0,93412
MCCORMICK & CO INC,COM NON VTG,579780206,2629387,38605,SH,SOLE,38605,0,0
SYNDAX PHARMACEUTICALS INC,COM,87164F105,2628330,125099,SH,SOLE,20228,0,104871
THE TRADE DESK INC,COM CL A,88339J105,2603259,68579,SH,SOLE,36187,0,32392
GALLAGHER ARTHUR J & CO,COM,363576109,2597216,10036,SH,SOLE,10036,0,0
CHURCH & DWIGHT CO INC,COM,171340102,2589204,30879,SH,SOLE,30879,0,0
VICOR CORP,COM,925815102,2577792,23520,SH,SOLE,8243,0,15277
AMEREN CORP,COM,023608102,2527357,25309,SH,SOLE,25309,0,0
NVR INC,COM,62944T105,2523298,346,SH,SOLE,346,0,0
ILLINOIS TOOL WKS INC,COM,452308109,2523097,10244,SH,SOLE,10244,0,0
UMH PPTYS INC,COM,903002103,2504536,157419,SH,SOLE,16040,0,141379
KEROS THERAPEUTICS INC,COM,492327101,2500636,122821,SH,SOLE,103714,0,19107
SEACOAST BKG CORP FLA,COM NEW,811707801,2484851,79085,SH,SOLE,9676,0,69409
ALLIENT INC,COM,019330109,2481100,46160,SH,SOLE,2194,0,43966
DAVE INC,CLASS A COM NEW,23834J201,2457651,11100,SH,SOLE,4832,0,6268
WARNER BROS DISCOVERY INC,COM SER A,934423104,2452150,85085,SH,SOLE,85085,0,0
BK TECHNOLOGIES CORPORATION,COM NEW,05587G203,2452072,32874,SH,SOLE,24467,0,8407
GARRETT MOTION INC,COM,366505105,2445778,140320,SH,SOLE,15249,0,125071
MAXLINEAR INC,COM,57776J100,2430753,139458,SH,SOLE,37,0,139421
PUBMATIC INC,COM CL A,74467Q103,2424277,273312,SH,SOLE,25682,0,247630
MONDELEZ INTL INC,CL A,609207105,2418313,44925,SH,SOLE,44925,0,0
PERDOCEO ED CORP,COM,71363P106,2415912,82370,SH,SOLE,11439,0,70931
EYEPOINT INC,COM NEW,30233G209,2415550,132214,SH,SOLE,141,0,132073
TELEDYNE TECHNOLOGIES INC,COM,879360105,2398899,4697,SH,SOLE,4697,0,0
CHATHAM LODGING TR,COM,16208T102,2393075,351406,SH,SOLE,97560,0,253846
LENDINGTREE INC NEW,COM,52603B107,2392076,45057,SH,SOLE,3003,0,42054
ARROWHEAD PHARMACEUTICALS IN,COM,04280A100,2387052,35955,SH,SOLE,35955,0,0
KINGSTONE COS INC,COM,496719105,2385535,141743,SH,SOLE,100709,0,41034
AVERY DENNISON CORP,COM,053611109,2372079,13042,SH,SOLE,4339,0,8703
BROADRIDGE FINL SOLUTIONS IN,COM,11133T103,2367834,10610,SH,SOLE,10610,0,0
ANGIODYNAMICS INC,COM,03475V101,2364139,184123,SH,SOLE,19000,0,165123
BANDWIDTH INC,COM CL A,05988J103,2356789,152543,SH,SOLE,15148,0,137395
SMARTFINANCIAL INC,COM NEW,83190L208,2346720,63442,SH,SOLE,6676,0,56766
DOVER CORP,COM,260003108,2317889,11872,SH,SOLE,11872,0,0
ASSURANT INC,COM,04621X108,2315291,9613,SH,SOLE,9613,0,0
COHERUS ONCOLOGY INC,COM,19249H103,2300785,1620271,SH,SOLE,1274640,0,345631
CASEYS GEN STORES INC,COM,147528103,2280481,4126,SH,SOLE,4126,0,0
TEXAS INSTRS INC,COM,882508104,2263698,13048,SH,SOLE,13048,0,0
SERVICE CORP INTL,COM,817565104,2257777,28957,SH,SOLE,28957,0,0
CAPITOL FED FINL INC,COM,14057J101,2256705,331381,SH,SOLE,2630,0,328751
VIR BIOTECHNOLOGY INC,COM,92764N102,2238885,371291,SH,SOLE,277296,0,93995
TEEKAY CORPORATION LTD,SHS,G8726T105,2230058,246961,SH,SOLE,40239,0,206722
SEMPRA,COM,816851109,2220670,25152,SH,SOLE,25152,0,0
OREILLY AUTOMOTIVE INC,COM,67103H107,2215308,24288,SH,SOLE,24288,0,0
PRICESMART INC,COM,741511109,2210636,18021,SH,SOLE,5736,0,12285
L3HARRIS TECHNOLOGIES INC,COM,502431109,2191206,7464,SH,SOLE,7464,0,0
AGIOS PHARMACEUTICALS INC,COM,00847X104,2173245,79840,SH,SOLE,16379,0,63461
ADIENT PLC,ORD SHS,G0084W101,2172517,113329,SH,SOLE,14332,0,98997
TENABLE HLDGS INC,COM,88025T102,2166713,92083,SH,SOLE,13458,0,78625
HORMEL FOODS CORP,COM,440452100,2156226,90980,SH,SOLE,90980,0,0
GOLDMAN SACHS GROUP INC,COM,38141G104,2154429,2451,SH,SOLE,2199,0,252
EXELIXIS INC,COM,30161Q104,2142147,48874,SH,SOLE,48874,0,0
EXTREME NETWORKS,COM,30226D106,2128619,127845,SH,SOLE,16370,0,111475
POWER INTEGRATIONS INC,COM,739276103,2123622,59753,SH,SOLE,0,0,59753
PROGRESSIVE CORP,COM,743315103,2117568,9299,SH,SOLE,9299,0,0
EVEREST GROUP LTD,COM,G3223R108,2100577,6190,SH,SOLE,5682,0,508
ADC THERAPEUTICS SA,SHS,H0036K147,2097724,594256,SH,SOLE,456716,0,137540
VISTRA CORP,COM,92840M102,2081157,12900,SH,SOLE,12900,0,0
GENERAL MLS INC,COM,370334104,2063205,44370,SH,SOLE,44370,0,0
ZYMEWORKS INC,COM,98985Y108,2062587,78336,SH,SOLE,78336,0,0
ROPER TECHNOLOGIES INC,COM,776696106,2056946,4621,SH,SOLE,4621,0,0
CADENCE DESIGN SYSTEM INC,COM,127387108,2054901,6574,SH,SOLE,6574,0,0
NATURAL GROCERS BY VITAMIN C,COM,63888U108,2050192,81844,SH,SOLE,7716,0,74128
UNITED RENTALS INC,COM,911363109,2043533,2525,SH,SOLE,2525,0,0
ANDERSONS INC,COM,034164103,2040611,38379,SH,SOLE,0,0,38379
MATCH GROUP INC NEW,COM,57667L107,2025745,62736,SH,SOLE,62736,0,0
GENTHERM INC,COM,37253A103,1999623,54980,SH,SOLE,16458,0,38522
MARCUS CORP DEL,COM,566330106,1998231,128835,SH,SOLE,10426,0,118409
AERCAP HOLDINGS NV,SHS,N00985106,1992370,13859,SH,SOLE,3970,0,9889
UNITED FIRE GROUP INC,COM,910340108,1990308,54754,SH,SOLE,54754,0,0
CONDUENT INC,COM,206787103,1980758,1031645,SH,SOLE,116472,0,915173
ISHARES TR,CORE S&P500 ETF,464287200,1964408,2868,SH,SOLE,2868,0,0
CENTRAL PAC FINL CORP,COM NEW,154760409,1945475,62435,SH,SOLE,2926,0,59509
MATIV HOLDINGS INC,COM,808541106,1941315,159779,SH,SOLE,17026,0,142753
ASTRONICS CORP,COM,046433108,1934415,35664,SH,SOLE,8451,0,27213
8X8 INC NEW,COM,282914100,1921156,975206,SH,SOLE,621401,0,353805
ZOETIS INC,CL A,98978V103,1912841,15203,SH,SOLE,15203,0,0
ELECTRONIC ARTS INC,COM,285512109,1908647,9341,SH,SOLE,9341,0,0
DIODES INC,COM,254543101,1904475,38599,SH,SOLE,6894,0,31705
HARROW INC,COM,415858109,1902670,38830,SH,SOLE,7016,0,31814
ATLANTICUS HOLDINGS CORP,COM,04914Y102,1887387,28191,SH,SOLE,3750,0,24441
VERASTEM INC,COM NEW,92337C203,1884197,244067,SH,SOLE,194021,0,50046
NETEASE INC,SPONSORED ADS,64110W102,1879201,13655,SH,SOLE,6490,0,7165
FLEX LTD,ORD,Y2573F102,1872537,30992,SH,SOLE,30992,0,0
HERITAGE COMM CORP,COM,426927109,1866222,155389,SH,SOLE,36595,0,118794
CALIFORNIA RES CORP,COM STOCK,13057Q305,1838788,41127,SH,SOLE,1145,0,39982
ROCKY BRANDS INC,COM,774515100,1834034,62531,SH,SOLE,23884,0,38647
TORO CO,COM,891092108,1819219,23110,SH,SOLE,23110,0,0
CONAGRA BRANDS INC,COM,205887102,1814278,104811,SH,SOLE,104811,0,0
BRAZE INC,COM CL A,10576N102,1813701,52893,SH,SOLE,1922,0,50971
ENOVA INTL INC,COM,29357K103,1790822,11392,SH,SOLE,57,0,11335
CASTLE BIOSCIENCES INC,COM,14843C105,1789206,45995,SH,SOLE,7223,0,38772
ISHARES TR,MSCI EAFE ETF,464287465,1773098,18464,SH,SOLE,3061,0,15403
KALVISTA PHARMACEUTICALS INC,COM,483497103,1766665,109391,SH,SOLE,64173,0,45218
HERSHEY CO,COM,427866108,1765752,9703,SH,SOLE,9703,0,0
AUTOZONE INC,COM,053332102,1763580,520,SH,SOLE,520,0,0
VAREX IMAGING CORP,COM,92214X106,1761818,151229,SH,SOLE,74298,0,76931
SEA LTD,SPONSORD ADS,81141R100,1755491,13761,SH,SOLE,5171,0,8590
CBL & ASSOC PPTYS INC,COMMON STOCK,124830878,1752653,47369,SH,SOLE,1215,0,46154
ORIGIN BANCORP INC,COM,68621T102,1745894,46421,SH,SOLE,5056,0,41365
PFIZER INC,COM,717081103,1743498,70020,SH,SOLE,70020,0,0
ARTERIS INC,COM,04302A104,1741394,112348,SH,SOLE,112348,0,0
UROGEN PHARMA LTD,COM,M96088105,1734368,74055,SH,SOLE,74055,0,0
COOPER COS INC,COM,216648501,1732716,21141,SH,SOLE,21141,0,0
ASANA INC,CL A,04342Y104,1730929,126253,SH,SOLE,29154,0,97099
MATRIX SVC CO,COM,576853105,1711148,146252,SH,SOLE,65588,0,80664
NOKIA CORP,SPONSORED ADR,654902204,1701578,262995,SH,SOLE,1335,0,261660
HENRY SCHEIN INC,COM,806407102,1691707,22383,SH,SOLE,22383,0,0
UNIVERSAL HLTH SVCS INC,CL B,913903100,1677664,7695,SH,SOLE,7695,0,0
VERALTO CORP,COM SHS,92338C103,1673410,16771,SH,SOLE,16771,0,0
SYNOPSYS INC,COM,871607107,1647778,3508,SH,SOLE,3508,0,0
KINROSS GOLD CORP,COM,496902404,1641756,58301,SH,SOLE,23693,0,34608
QUANTA SVCS INC,COM,74762E102,1639281,3884,SH,SOLE,3884,0,0
METROPOLITAN BK HLDG CORP,COM,591774104,1635326,21416,SH,SOLE,1305,0,20111
FB BANCORP INC,COM,31425A109,1631012,126927,SH,SOLE,74072,0,52855
DRAFTKINGS INC NEW,COM CL A,26142V105,1627821,47238,SH,SOLE,15066,0,32172
GODADDY INC,CL A,380237107,1618872,13047,SH,SOLE,13047,0,0
OVINTIV INC,COM,69047Q102,1615765,41229,SH,SOLE,38353,0,2876
MONDAY COM LTD,SHS,M7S64H106,1614897,10944,SH,SOLE,1116,0,9828
HEALTHCARE SVCS GROUP INC,COM,421906108,1607055,84051,SH,SOLE,15697,0,68354
GRAY MEDIA INC,COM,389375106,1590347,328584,SH,SOLE,11376,0,317208
VERTEX PHARMACEUTICALS INC,COM,92532F100,1579960,3485,SH,SOLE,3485,0,0
SIERRA BANCORP,COM,82620P102,1574882,48191,SH,SOLE,6218,0,41973
S&P GLOBAL INC,COM,78409V104,1567770,3000,SH,SOLE,3000,0,0
KENVUE INC,COM,49177J102,1559624,90413,SH,SOLE,90413,0,0
RIO TINTO PLC,SPONSORED ADR,767204100,1547380,19335,SH,SOLE,0,0,19335
DUCOMMUN INC DEL,COM,264147109,1534732,16133,SH,SOLE,28,0,16105
ISHARES TR,MSCI UAE ETF,46434V761,1531149,80081,SH,SOLE,80081,0,0
EQUITY RESIDENTIAL,SH BEN INT,29476L107,1530107,24272,SH,SOLE,24272,0,0
NEW YORK TIMES CO,CL A,650111107,1516133,21840,SH,SOLE,21840,0,0
AMPHENOL CORP NEW,CL A,032095101,1472080,10893,SH,SOLE,10893,0,0
CAMECO CORP,COM,13321L108,1471342,16082,SH,SOLE,16082,0,0
AFLAC INC,COM,001055102,1470781,13338,SH,SOLE,13338,0,0
GREAT LAKES DREDGE & DOCK CO,COM,390607109,1452450,110705,SH,SOLE,21772,0,88933
KIMBERLY-CLARK CORP,COM,494368103,1404691,13923,SH,SOLE,13923,0,0
KEURIG DR PEPPER INC,COM,49271V100,1395010,49804,SH,SOLE,49804,0,0
STERIS PLC,SHS USD,G8473T100,1384726,5462,SH,SOLE,5462,0,0
ECOLAB INC,COM,278865100,1378230,5250,SH,SOLE,5250,0,0
CORNING INC,COM,219350105,1371540,15664,SH,SOLE,15664,0,0
ALECTOR INC,COM,014442107,1326465,850298,SH,SOLE,517247,0,333051
BIOVENTUS INC,COM CL A,09075A108,1324796,178064,SH,SOLE,58705,0,119359
NORTHRIM BANCORP INC,COM,666762109,1324460,49773,SH,SOLE,0,0,49773
SCRIPPS E W CO OHIO,CL A NEW,811054402,1322873,331547,SH,SOLE,148730,0,182817
MODERNA INC,COM,60770K107,1319913,44758,SH,SOLE,44758,0,0
INVITATION HOMES INC,COM,46187W107,1304602,46945,SH,SOLE,46945,0,0
CALAVO GROWERS INC,COM,128246105,1291863,59396,SH,SOLE,11080,0,48316
DISNEY WALT CO,COM,254687106,1287194,11314,SH,SOLE,11314,0,0
HUBBELL INC,COM,443510607,1280369,2883,SH,SOLE,2883,0,0
SOLID BIOSCIENCES INC,COM NEW,83422E204,1278898,226755,SH,SOLE,168810,0,57945
TRACTOR SUPPLY CO,COM,892356106,1278156,25558,SH,SOLE,25558,0,0
SMUCKER J M CO,COM NEW,832696405,1265270,12936,SH,SOLE,12936,0,0
ENTERPRISE FINL SVCS CORP,COM,293712105,1252530,23195,SH,SOLE,0,0,23195
FIRST INDL RLTY TR INC,COM,32054K103,1242415,21694,SH,SOLE,21694,0,0
BRIDGEWATER BANCSHARES INC,COM,108621103,1241738,70835,SH,SOLE,27219,0,43616
GOOSEHEAD INS INC,COM CL A,38267D109,1238867,16821,SH,SOLE,1012,0,15809
BROWN & BROWN INC,COM,115236101,1238140,15535,SH,SOLE,15535,0,0
SPOK HLDGS INC,COM,84863T106,1227791,93085,SH,SOLE,29409,0,63676
ROCKET PHARMACEUTICALS INC,COM,77313F106,1224299,348803,SH,SOLE,348803,0,0
PARAMOUNT SKYDANCE CORP,COM CL B,69932A204,1220713,91098,SH,SOLE,91098,0,0
CERENCE INC,COM,156727109,1217281,113871,SH,SOLE,113871,0,0
PELOTON INTERACTIVE INC,CL A COM,70614W100,1214247,197118,SH,SOLE,38167,0,158951
COOPER STD HLDGS INC,COM,21676P103,1211525,36903,SH,SOLE,30280,0,6623
CHARLES RIV LABS INTL INC,COM,159864107,1211442,6073,SH,SOLE,6073,0,0
GOLD FIELDS LTD,SPONSORED ADR,38059T106,1209993,27714,SH,SOLE,1409,0,26305
BECTON DICKINSON & CO,COM,075887109,1209444,6232,SH,SOLE,6232,0,0
NETSCOUT SYS INC,COM,64115T104,1204847,44525,SH,SOLE,7372,0,37153
EMERSON ELEC CO,COM,291011104,1204036,9072,SH,SOLE,9072,0,0
UNIFIRST CORP MASS,COM,904708104,1203310,6238,SH,SOLE,2544,0,3694
BRISTOW GROUP INC,COM,11040G103,1201429,32808,SH,SOLE,2716,0,30092
RYDER SYS INC,COM,783549108,1193317,6235,SH,SOLE,3239,0,2996
EPAM SYS INC,COM,29414B104,1181543,5767,SH,SOLE,5767,0,0
LUMEN TECHNOLOGIES INC,COM,550241103,1181335,152038,SH,SOLE,1687,0,150351
INTEL CORP,COM,458140100,1180948,32004,SH,SOLE,32004,0,0
EXPEDITORS INTL WASH INC,COM,302130109,1179712,7917,SH,SOLE,7917,0,0
UDEMY INC,COM,902685106,1174510,200771,SH,SOLE,165,0,200606
MITEK SYS INC,COM NEW,606710200,1172432,111131,SH,SOLE,96748,0,14383
UNION PAC CORP,COM,907818108,1170711,5061,SH,SOLE,5061,0,0
WILLIS TOWERS WATSON PLC LTD,SHS,G96629103,1168830,3557,SH,SOLE,3557,0,0
PUMA BIOTECHNOLOGY INC,COM,74587V107,1159578,194887,SH,SOLE,194887,0,0
LIBERTY LATIN AMERICA LTD,COM CL C,G9001E128,1159187,155387,SH,SOLE,21504,0,133883
FIDELITY NATIONAL FINANCIAL,COM SHS,31620R303,1154142,21142,SH,SOLE,16055,0,5087
PAYONEER GLOBAL INC,COM,70451X104,1148441,204349,SH,SOLE,1505,0,202844
STRATTEC SEC CORP,COM,863111100,1147354,15069,SH,SOLE,13500,0,1569
FORTIVE CORP,COM,34959J108,1120045,20287,SH,SOLE,5246,0,15041
CSX CORP,COM,126408103,1115594,30775,SH,SOLE,30775,0,0
MOTOROLA SOLUTIONS INC,COM NEW,620076307,1112395,2902,SH,SOLE,2902,0,0
FORUM ENERGY TECHNOLOGIES IN,COM,34984V209,1110237,30047,SH,SOLE,11381,0,18666
ACADIAN ASSET MANAGEMENT INC,COM,10948W103,1101163,23429,SH,SOLE,215,0,23214
QORVO INC,COM,74736K101,1100658,13024,SH,SOLE,13024,0,0
NIAGEN BIOSCIENCE INC,COM NEW,171077407,1094804,172139,SH,SOLE,8843,0,163296
CALEDONIA MNG CORP PLC,SHS NEW,G1757E113,1093906,41800,SH,SOLE,41800,0,0
GARTNER INC,COM,366651107,1090859,4324,SH,SOLE,4324,0,0
TIMBERLAND BANCORP INC,COM,887098101,1090038,30448,SH,SOLE,3514,0,26934
WESTERN UN CO,COM,959802109,1084755,116515,SH,SOLE,116515,0,0
REGIONAL MGMT CORP,COM,75902K106,1078684,27837,SH,SOLE,1519,0,26318
FAIR ISAAC CORP,COM,303250104,1076925,637,SH,SOLE,637,0,0
COMMERCE BANCSHARES INC,COM,200525103,1067699,20399,SH,SOLE,20399,0,0
AMERESCO INC,CL A,02361E108,1058863,36151,SH,SOLE,11577,0,24574
APELLIS PHARMACEUTICALS INC,COM,03753U106,1058406,42134,SH,SOLE,5162,0,36972
ENANTA PHARMACEUTICALS INC,COM,29251M106,1056432,66990,SH,SOLE,57417,0,9573
MARVELL TECHNOLOGY INC,COM,573874104,1056301,12430,SH,SOLE,12430,0,0
EXPRO GROUP HOLDINGS NV,COM,N3144W105,1053809,78937,SH,SOLE,12430,0,66507
FIRST CMNTY BANKSHARES INC V,COM,31983A103,1050184,31135,SH,SOLE,1211,0,29924
VANDA PHARMACEUTICALS INC,COM,921659108,1049465,118987,SH,SOLE,118987,0,0
AUTOMATIC DATA PROCESSING IN,COM,053015103,1048469,4076,SH,SOLE,4076,0,0
LIMBACH HLDGS INC,COM,53263P105,1034860,13293,SH,SOLE,0,0,13293
FISERV INC,COM,337738108,1034216,15397,SH,SOLE,15397,0,0
MAYVILLE ENGR CO INC,COM,578605107,1022000,54594,SH,SOLE,54594,0,0
FS BANCORP INC,COM,30263Y104,1021140,24803,SH,SOLE,2762,0,22041
WASTE MGMT INC DEL,COM,94106L109,1020114,4643,SH,SOLE,4643,0,0
THE CIGNA GROUP,COM,125523100,1017801,3698,SH,SOLE,3698,0,0
ALLEGIANT TRAVEL CO,COM,01748X102,1015736,11912,SH,SOLE,1554,0,10358
KEYSIGHT TECHNOLOGIES INC,COM,49338L103,1013918,4990,SH,SOLE,4990,0,0
ANAPTYSBIO INC,COM,032724106,1011875,20872,SH,SOLE,20872,0,0
RED ROCK RESORTS INC,CL A,75700L108,1006192,16242,SH,SOLE,0,0,16242
TRIMAS CORP,COM NEW,896215209,1002278,28273,SH,SOLE,5805,0,22468
GENERAC HLDGS INC,COM,368736104,1002047,7348,SH,SOLE,7348,0,0
SAFETY INS GROUP INC,COM,78648T100,1000442,12841,SH,SOLE,5190,0,7651
IHEARTMEDIA INC,COM CL A,45174J509,992193,238508,SH,SOLE,0,0,238508
ECHOSTAR CORP,CL A,278768106,982757,9041,SH,SOLE,9041,0,0
RESMED INC,COM,761152107,982750,4080,SH,SOLE,4080,0,0
PENNANT GROUP INC,COM,70805E109,978466,34759,SH,SOLE,3191,0,31568
BLOCK INC,CL A,852234103,977717,15021,SH,SOLE,15021,0,0
ESQUIRE FINL HLDGS INC,COM,29667J101,976504,9567,SH,SOLE,3354,0,6213
BLACKROCK INC,COM,09290D101,975080,911,SH,SOLE,911,0,0
MOLINA HEALTHCARE INC,COM,60855R100,971824,5600,SH,SOLE,5600,0,0
UNISYS CORP,COM NEW,909214306,962782,348834,SH,SOLE,204627,0,144207
HNI CORP,COM,404251100,958764,22806,SH,SOLE,1065,0,21741
PETCO HEALTH & WELLNESS CO I,COM,71601V105,955408,340003,SH,SOLE,13685,0,326318
G III APPAREL GROUP LTD,COM,36237H101,953769,32934,SH,SOLE,7939,0,24995
WEC ENERGY GROUP INC,COM,92939U106,950616,9014,SH,SOLE,9014,0,0
ADDUS HOMECARE CORP,COM,006739106,949435,8841,SH,SOLE,2979,0,5862
YEXT INC,COM,98585N106,948855,117724,SH,SOLE,117724,0,0
FLEXSTEEL INDS INC,COM,339382103,947997,24006,SH,SOLE,4910,0,19096
AMC NETWORKS INC,CL A,00164V103,945783,99347,SH,SOLE,8921,0,90426
FREIGHTCAR AMER INC,COM,357023100,943297,85212,SH,SOLE,66474,0,18738
CMS ENERGY CORP,COM,125896100,943076,13486,SH,SOLE,13486,0,0
VICTORIAS SECRET AND CO,COMMON STOCK,926400102,941258,17376,SH,SOLE,9404,0,7972
EATON CORP PLC,SHS,G29183103,936101,2939,SH,SOLE,2939,0,0
COCA-COLA EUROPACIFIC PARTNE,SHS,G25839104,934573,10304,SH,SOLE,10304,0,0
IDEX CORP,COM,45167R104,931516,5235,SH,SOLE,5235,0,0
ORTHOFIX MED INC,COM,68752M108,927671,61192,SH,SOLE,15798,0,45394
HEICO CORP NEW,CL A,422806208,920107,3645,SH,SOLE,2860,0,785
BOEING CO,COM,097023105,918635,4231,SH,SOLE,4231,0,0
PAYSIGN INC,COM,70451A104,914177,177510,SH,SOLE,132406,0,45104
MISSION PRODUCE INC,COM,60510V108,903176,77860,SH,SOLE,26731,0,51129
NEUROPACE INC,COM,641288105,895644,58008,SH,SOLE,10520,0,47488
INTELLIA THERAPEUTICS INC,COM,45826J105,892716,99301,SH,SOLE,99301,0,0
ETSY INC,COM,29786A106,890921,16070,SH,SOLE,16070,0,0
ACUITY INC,COM,00508Y102,884258,2456,SH,SOLE,2456,0,0
MUELLER INDS INC,COM,624756102,882582,7688,SH,SOLE,7688,0,0
INTREPID POTASH INC,COM,46121Y201,881869,31802,SH,SOLE,1181,0,30621
ABEONA THERAPEUTICS INC,COM NEW,00289Y206,878567,166711,SH,SOLE,164717,0,1994
PG&E CORP,COM,69331C108,874320,54407,SH,SOLE,45646,0,8761
CHEMUNG FINL CORP,COM,164024101,870982,15609,SH,SOLE,11038,0,4571
BROOKFIELD INFRASTRUCTURE CO,COM SUB VTG A,11276H106,854201,18815,SH,SOLE,130,0,18685
LEGALZOOM COM INC,COM,52466B103,851110,85711,SH,SOLE,4944,0,80767
ARCH CAP GROUP LTD,ORD,G0450A105,850235,8864,SH,SOLE,8864,0,0
SIGHT SCIENCES INC,COM,82657M105,847987,106934,SH,SOLE,36163,0,70771
SAP SE,SPON ADR,803054204,841440,3464,SH,SOLE,0,0,3464
SAUL CTRS INC,COM,804395101,840464,26656,SH,SOLE,352,0,26304
TOLL BROTHERS INC,COM,889478103,832414,6156,SH,SOLE,6156,0,0
PAYCHEX INC,COM,704326107,832263,7419,SH,SOLE,7419,0,0
GUIDEWIRE SOFTWARE INC,COM,40171V100,831377,4136,SH,SOLE,4136,0,0
CVS HEALTH CORP,COM,126650100,827884,10432,SH,SOLE,10432,0,0
SOUTHERN MO BANCORP INC,COM,843380106,826616,13982,SH,SOLE,1172,0,12810
NU SKIN ENTERPRISES INC,CL A,67018T105,820673,85309,SH,SOLE,1942,0,83367
CINCINNATI FINL CORP,COM,172062101,817580,5006,SH,SOLE,5006,0,0
AMERIPRISE FINL INC,COM,03076C106,816416,1665,SH,SOLE,1665,0,0
MARCUS & MILLICHAP INC,COM,566324109,814716,29854,SH,SOLE,2329,0,27525
WILLIAMS SONOMA INC,COM,969904101,814370,4560,SH,SOLE,4560,0,0
PHILLIPS 66,COM,718546104,812049,6293,SH,SOLE,6293,0,0
WORKDAY INC,CL A,98138H101,802418,3736,SH,SOLE,3736,0,0
RAYMOND JAMES FINL INC,COM,754730109,801826,4993,SH,SOLE,4993,0,0
DEERE & CO,COM,244199105,799384,1717,SH,SOLE,1717,0,0
MICROCHIP TECHNOLOGY INC.,COM,595017104,795417,12483,SH,SOLE,12483,0,0
AON PLC,SHS CL A,G0403H108,789393,2237,SH,SOLE,2237,0,0
NORFOLK SOUTHN CORP,COM,655844108,778678,2697,SH,SOLE,2697,0,0
LAMB WESTON HLDGS INC,COM,513272104,776682,18541,SH,SOLE,1740,0,16801
EQUINIX INC,COM,29444U700,773822,1010,SH,SOLE,1010,0,0
PTC INC,COM,69370C100,773667,4441,SH,SOLE,4441,0,0
MERCANTILE BK CORP,COM,587376104,771235,16034,SH,SOLE,16034,0,0
CARGURUS INC,COM CL A,141788109,758755,19785,SH,SOLE,382,0,19403
FOX FACTORY HLDG CORP,COM,35138V102,758555,44334,SH,SOLE,1302,0,43032
SELECTQUOTE INC,COM,816307300,758013,537598,SH,SOLE,18350,0,519248
LOCKHEED MARTIN CORP,COM,539830109,740015,1530,SH,SOLE,1530,0,0
EVERSOURCE ENERGY,COM,30040W108,736388,10937,SH,SOLE,10937,0,0
FORTINET INC,COM,34959E109,734860,9254,SH,SOLE,9254,0,0
BAIDU INC,SPON ADR REP A,056752108,730389,5590,SH,SOLE,5590,0,0
CURIOSITYSTREAM INC,COM CL A,23130Q107,727290,191392,SH,SOLE,19738,0,171654
LATTICE SEMICONDUCTOR CORP,COM,518415104,720495,9792,SH,SOLE,9792,0,0
MARRIOTT INTL INC NEW,CL A,571903202,720377,2322,SH,SOLE,2322,0,0
TRUIST FINL CORP,COM,89832Q109,717383,14578,SH,SOLE,14578,0,0
DYCOM INDS INC,COM,267475101,709590,2100,SH,SOLE,2100,0,0
DONALDSON INC,COM,257651109,700237,7898,SH,SOLE,7898,0,0
CME GROUP INC,COM,12572Q105,698266,2557,SH,SOLE,2557,0,0
OLYMPIC STEEL INC,COM,68162K106,697695,16307,SH,SOLE,647,0,15660
CHENIERE ENERGY INC,COM NEW,16411R208,696694,3584,SH,SOLE,3584,0,0
BIOCRYST PHARMACEUTICALS INC,COM,09058V103,693233,88876,SH,SOLE,0,0,88876
FLUTTER ENTMT PLC,SHS,G3643J108,691999,3218,SH,SOLE,3218,0,0
WOODWARD INC,COM,980745103,688080,2276,SH,SOLE,2276,0,0
ONEOK INC NEW,COM,682680103,681198,9268,SH,SOLE,9268,0,0
EUROPEAN WAX CTR INC,CLASS A COM,29882P106,674442,187345,SH,SOLE,163100,0,24245
WELLTOWER INC,COM,95040Q104,672836,3625,SH,SOLE,3625,0,0
STARBUCKS CORP,COM,855244109,666101,7910,SH,SOLE,7910,0,0
COHERENT CORP,COM,19247G107,660945,3581,SH,SOLE,3581,0,0
CARTER BANKSHARES INC,COM NEW,146103106,658984,33519,SH,SOLE,1092,0,32427
BLACKSTONE INC,COM,09260D107,658640,4273,SH,SOLE,4273,0,0
3M CO,COM,88579Y101,656890,4103,SH,SOLE,4103,0,0
RCM TECHNOLOGIES INC,COM NEW,749360400,647023,31647,SH,SOLE,2249,0,29398
THE BALDWIN INSURANCE GRP IN,COM CL A,05589G102,643595,26783,SH,SOLE,8554,0,18229
STRATEGIC ED INC,COM,86272C103,643124,8019,SH,SOLE,2238,0,5781
SEABOARD CORP DEL,COM,811543107,635609,143,SH,SOLE,143,0,0
SLB LIMITED,COM STK,806857108,630967,16440,SH,SOLE,16440,0,0
BOWHEAD SPECIALTY HLDGS INC,COM SHS,10240L102,630135,22079,SH,SOLE,0,0,22079
JD.COM INC,SPON ADS CL A,47215P106,627038,21848,SH,SOLE,21848,0,0
RE MAX HLDGS INC,CL A,75524W108,625021,82348,SH,SOLE,9700,0,72648
MARKETAXESS HLDGS INC,COM,57060D108,621688,3430,SH,SOLE,2154,0,1276
THE CAMPBELLS COMPANY,COM,134429109,621501,22300,SH,SOLE,22300,0,0
RILEY EXPLORATION PERMIAN IN,COM,76665T102,615991,23333,SH,SOLE,276,0,23057
AMERICAN INTL GROUP INC,COM NEW,026874784,614591,7184,SH,SOLE,7184,0,0
REVOLVE GROUP INC,CL A,76156B107,612374,20284,SH,SOLE,618,0,19666
NLIGHT INC,COM,65487K100,610813,16284,SH,SOLE,464,0,15820
GLOBAL WTR RES INC,COM,379463102,604944,71591,SH,SOLE,5905,0,65686
COPART INC,COM,217204106,604554,15442,SH,SOLE,6033,0,9409
PONCE FINANCIAL GROUP INC,COMMON STOCK,732344106,600356,36719,SH,SOLE,36719,0,0
RALPH LAUREN CORP,CL A,751212101,599015,1694,SH,SOLE,1694,0,0
NORTHROP GRUMMAN CORP,COM,666807102,598721,1050,SH,SOLE,1050,0,0
ENVIRI CORP,COM,415864107,597972,33369,SH,SOLE,0,0,33369
KINETIK HOLDINGS INC,COM NEW CL A,02215L209,595510,16519,SH,SOLE,0,0,16519
CELLDEX THERAPEUTICS INC NEW,COM NEW,15117B202,593609,21856,SH,SOLE,9523,0,12333
NORWEGIAN CRUISE LINE HLDG L,SHS,G66721104,592328,26538,SH,SOLE,26538,0,0
INFUSYSTEM HLDGS INC,COM,45685K102,587544,65501,SH,SOLE,65501,0,0
PRIMERICA INC,COM,74164M108,583635,2259,SH,SOLE,2259,0,0
ASTERA LABS INC,COM,04626A103,582260,3500,SH,SOLE,240,0,3260
CENCORA INC,COM,03073E105,580930,1720,SH,SOLE,1720,0,0
FMC CORP,COM NEW,302491303,578753,41727,SH,SOLE,41727,0,0
HILTON WORLDWIDE HLDGS INC,COM,43300A203,574500,2000,SH,SOLE,2000,0,0
MOTORCAR PTS AMER INC,COM,620071100,572675,46408,SH,SOLE,7719,0,38689
HERON THERAPEUTICS INC,COM,427746102,572328,440252,SH,SOLE,428162,0,12090
EASTGROUP PPTYS INC,COM,277276101,570048,3200,SH,SOLE,3200,0,0
NIKE INC,CL B,654106103,570013,8947,SH,SOLE,8947,0,0
JACOBS SOLUTIONS INC,COM,46982L108,569578,4300,SH,SOLE,4300,0,0
SKYWORKS SOLUTIONS INC,COM,83088M102,567710,8953,SH,SOLE,8953,0,0
XOMA ROYALTY CORPORATION,COM NEW,98419J206,564479,21229,SH,SOLE,2245,0,18984
BIOGEN INC,COM,09062X103,563696,3203,SH,SOLE,3203,0,0
DMC GLOBAL INC,COM,23291C103,554882,82942,SH,SOLE,9425,0,73517
GREEN DOT CORP,CL A,39304D102,551406,43045,SH,SOLE,820,0,42225
BRIXMOR PPTY GROUP INC,COM,11120U105,541653,20658,SH,SOLE,20658,0,0
AVANOS MED INC,COM,05350V106,541645,48232,SH,SOLE,202,0,48030
NORTHEAST CMNTY BANCORP INC,COM,664121100,540628,23911,SH,SOLE,3702,0,20209
AMPLITUDE INC,COM CL A,03213A104,539941,46627,SH,SOLE,672,0,45955
HOLLEY INC,COM,43538H103,539927,130733,SH,SOLE,5302,0,125431
HAVERTY FURNITURE COS INC,COM,419596101,533215,22826,SH,SOLE,262,0,22564
BOWMAN CONSULTING GROUP LTD,COM,103002101,529608,16039,SH,SOLE,2004,0,14035
UNITED THERAPEUTICS CORP DEL,COM,91307C102,528179,1084,SH,SOLE,1084,0,0
MARTIN MARIETTA MATLS INC,COM,573284106,526148,845,SH,SOLE,845,0,0
ENTEGRIS INC,COM,29362U104,525973,6243,SH,SOLE,6243,0,0
NKARTA INC,COM,65487U108,525789,284210,SH,SOLE,284210,0,0
HENRY JACK & ASSOC INC,COM,426281101,523718,2870,SH,SOLE,2870,0,0
CACI INTL INC,CL A,127190304,523219,982,SH,SOLE,982,0,0
DECKERS OUTDOOR CORP,COM,243537107,522911,5044,SH,SOLE,5044,0,0
BAR HBR BANKSHARES,COM,066849100,517666,16672,SH,SOLE,3579,0,13093
DIGITAL TURBINE INC,COM NEW,25400W102,517240,103448,SH,SOLE,42467,0,60981
BV FINL INC,COM NEW,05603E208,513090,28285,SH,SOLE,28285,0,0
AGENUS INC,COM NEW,00847G804,512285,163148,SH,SOLE,163148,0,0
TITAN MACHY INC,COM,88830R101,509691,33889,SH,SOLE,155,0,33734
SEI INVTS CO,COM,784117103,506802,6179,SH,SOLE,6179,0,0
CF INDS HLDGS INC,COM,125269100,506577,6550,SH,SOLE,6550,0,0
NVENT ELECTRIC PLC,SHS,G6700G107,506077,4963,SH,SOLE,4963,0,0
EAST WEST BANCORP INC,COM,27579R104,505755,4500,SH,SOLE,4500,0,0
CARPENTER TECHNOLOGY CORP,COM,144285103,502170,1595,SH,SOLE,1595,0,0
FULGENT GENETICS INC,COM,359664109,498815,18988,SH,SOLE,18988,0,0
PATTERSON-UTI ENERGY INC,COM,703481101,493419,80756,SH,SOLE,1900,0,78856
COGNEX CORP,COM,192422103,489328,13600,SH,SOLE,13600,0,0
SUPER MICRO COMPUTER INC,COM NEW,86800U302,485941,16602,SH,SOLE,16602,0,0
PHINIA INC,COMMON STOCK,71880K101,485848,7750,SH,SOLE,4772,0,2978
FOGHORN THERAPEUTICS INC,COM,344174107,482193,89295,SH,SOLE,9870,0,79425
SHERWIN WILLIAMS CO,COM,824348106,474704,1465,SH,SOLE,1465,0,0
LENNOX INTL INC,COM,526107107,470041,968,SH,SOLE,968,0,0
C H ROBINSON WORLDWIDE INC,COM NEW,12541W209,457684,2847,SH,SOLE,2847,0,0
GOSSAMER BIO INC,COM,38341P102,456618,147296,SH,SOLE,117397,0,29899
NEXSTAR MEDIA GROUP INC,COMMON STOCK,65336K103,455644,2244,SH,SOLE,2244,0,0
KKR & CO INC,COM,48251W104,450259,3532,SH,SOLE,3532,0,0
HBT FINL INC.,COM,404111106,450049,17410,SH,SOLE,0,0,17410
FIRST HORIZON CORPORATION,COM,320517105,449655,18814,SH,SOLE,18814,0,0
STONERIDGE INC,COM,86183P102,449547,77642,SH,SOLE,77642,0,0
LAMAR ADVERTISING CO NEW,CL A,512816109,448979,3547,SH,SOLE,3547,0,0
NERDWALLET INC,COM CL A,64082B102,447502,33026,SH,SOLE,5816,0,27210
SR BANCORP INC,COM,85227J106,447079,28404,SH,SOLE,28404,0,0
WESTERN NEW ENG BANCORP INC,COM,958892101,447051,35424,SH,SOLE,2777,0,32647
KIMBALL ELECTRONICS INC,COM,49428J109,445482,16013,SH,SOLE,2382,0,13631
OMEGA HEALTHCARE INVS INC,COM,681936100,442558,9981,SH,SOLE,9981,0,0
UNITED PARCEL SERVICE INC,CL B,911312106,441396,4450,SH,SOLE,4450,0,0
ERASCA INC,COM,29479A108,439771,118218,SH,SOLE,118218,0,0
CARS COM INC,COM,14575E105,437870,35891,SH,SOLE,1200,0,34691
DT MIDSTREAM INC,COMMON STOCK,23345M107,433601,3623,SH,SOLE,3623,0,0
EXTRA SPACE STORAGE INC,COM,30225T102,430117,3303,SH,SOLE,3303,0,0
YUM CHINA HLDGS INC,COM,98850P109,429374,8994,SH,SOLE,8994,0,0
FIRST CTZNS BANCSHARES INC D,CL A,31946M103,429236,200,SH,SOLE,200,0,0
PINNACLE WEST CAP CORP,COM,723484101,423099,4770,SH,SOLE,4770,0,0
TEVA PHARMACEUTICAL INDS LTD,SPONSORED ADS,881624209,422896,13550,SH,SOLE,13550,0,0
REALTY INCOME CORP,COM,756109104,422380,7493,SH,SOLE,7493,0,0
PIPER SANDLER COMPANIES,COM,724078100,422260,1243,SH,SOLE,1243,0,0
CARVANA CO,CL A,146869102,422020,1000,SH,SOLE,1000,0,0
WESCO INTL INC,COM,95082P105,422004,1725,SH,SOLE,1725,0,0
ISHARES TR,MSCI KUWAIT ETF,46436E817,421702,11017,SH,SOLE,11017,0,0
MISTRAS GROUP INC,COM,60649T107,421131,33291,SH,SOLE,3640,0,29651
ENPHASE ENERGY INC,COM,29355A107,421041,13137,SH,SOLE,13137,0,0
APOLLO GLOBAL MGMT INC,COM,03769M106,419949,2901,SH,SOLE,2901,0,0
KRAFT HEINZ CO,COM,500754106,417173,17203,SH,SOLE,17203,0,0
PULTE GROUP INC,COM,745867101,413107,3523,SH,SOLE,3523,0,0
LPL FINL HLDGS INC,COM,50212V100,410746,1150,SH,SOLE,1150,0,0
WW GRAINGER INC,COM,384802104,410683,407,SH,SOLE,407,0,0
FRANKLIN ELEC INC,COM,353514102,410110,4293,SH,SOLE,252,0,4041
CBRE GROUP INC,CL A,12504L109,410015,2550,SH,SOLE,2550,0,0
NATURES SUNSHINE PRODS INC,COM,639027101,409373,18970,SH,SOLE,1837,0,17133
OLD SECOND BANCORP INC ILL,COM,680277100,408077,20927,SH,SOLE,4924,0,16003
ISHARES TR,MSCI QATAR ETF,46434V779,406419,21597,SH,SOLE,21597,0,0
DOMINION ENERGY INC,COM,25746U109,405970,6929,SH,SOLE,6929,0,0
RYANAIR HOLDINGS PLC,SPONSORED ADR,783513203,405491,5617,SH,SOLE,5617,0,0
BIO-TECHNE CORP,COM,09073M104,399908,6800,SH,SOLE,6800,0,0
ALBEMARLE CORP,COM,012653101,397729,2812,SH,SOLE,2812,0,0
FIDELITY NATL INFORMATION SV,COM,31620M106,397630,5983,SH,SOLE,5983,0,0
INNOVATIVE SOLUTIONS & SUPPO,COM,45769N105,396149,20916,SH,SOLE,1976,0,18940
CLEVELAND-CLIFFS INC NEW,COM,185899101,391202,29458,SH,SOLE,29458,0,0
HUNTINGTON INGALLS INDS INC,COM,446413106,388700,1143,SH,SOLE,1143,0,0
MEDALLION FINL CORP,COM,583928106,388283,37734,SH,SOLE,3471,0,34263
FACTSET RESH SYS INC,COM,303075105,387694,1336,SH,SOLE,1336,0,0
AVIAT NETWORKS INC,COM NEW,05366Y201,384092,17965,SH,SOLE,114,0,17851
TXNM ENERGY INC,COM,69349H107,383073,6506,SH,SOLE,6506,0,0
AMERICAN ELEC PWR CO INC,COM,025537101,381561,3309,SH,SOLE,3309,0,0
AKEBIA THERAPEUTICS INC,COM,00972D105,380139,236111,SH,SOLE,236111,0,0
WESTAMERICA BANCORPORATION,COM,957090103,379101,7926,SH,SOLE,2100,0,5826
VERISIGN INC,COM,92343E102,378273,1557,SH,SOLE,1557,0,0
DAKTRONICS INC,COM,234264109,378022,19121,SH,SOLE,730,0,18391
COMPASS MINERALS INTL INC,COM,20451N101,377540,19223,SH,SOLE,2699,0,16524
EVERGY INC,COM,30034W106,375716,5183,SH,SOLE,5183,0,0
TARGET CORP,COM,87612E106,375556,3842,SH,SOLE,3842,0,0
CLEAN HARBORS INC,COM,184496107,375402,1601,SH,SOLE,1601,0,0
EL POLLO LOCO HLDGS INC,COM,268603107,371246,35492,SH,SOLE,15147,0,20345
ROCKET COS INC,COM CL A,77311W101,370124,19118,SH,SOLE,19118,0,0
CORPAY INC,COM SHS,219948106,368639,1225,SH,SOLE,1225,0,0
TYLER TECHNOLOGIES INC,COM,902252105,368607,812,SH,SOLE,812,0,0
HANOVER INS GROUP INC,COM,410867105,366637,2006,SH,SOLE,2006,0,0
FLOWSERVE CORP,COM,34354P105,366049,5276,SH,SOLE,5276,0,0
LIFEWAY FOODS INC,COM,531914109,362917,14978,SH,SOLE,1965,0,13013
COTERRA ENERGY INC,COM,127097103,361821,13747,SH,SOLE,13747,0,0
LENNAR CORP,CL A,526057104,361136,3513,SH,SOLE,3513,0,0
GORMAN RUPP CO,COM,383082104,356788,7472,SH,SOLE,95,0,7377
OPORTUN FINL CORP,COM,68376D104,354081,66934,SH,SOLE,6418,0,60516
HEWLETT PACKARD ENTERPRISE C,COM,42824C109,353719,14726,SH,SOLE,14726,0,0
4D MOLECULAR THERAPEUTICS IN,COM,35104E100,352343,46979,SH,SOLE,46979,0,0
AUTONATION INC,COM,05329W102,351635,1703,SH,SOLE,1703,0,0
ASSURED GUARANTY LTD,COM,G0585R106,350493,3900,SH,SOLE,3900,0,0
EVENTBRITE INC,COM CL A,29975E109,350411,78744,SH,SOLE,333,0,78411
STRATEGY INC,CL A NEW,594972408,349485,2300,SH,SOLE,2300,0,0
LITTELFUSE INC,COM,537008104,348018,1376,SH,SOLE,1376,0,0
SAMSARA INC,COM CL A,79589L106,347197,9794,SH,SOLE,9794,0,0
SYSCO CORP,COM,871829107,345827,4693,SH,SOLE,4693,0,0
VANGUARD INTL EQUITY INDEX F,FTSE EUROPE ETF,922042874,345226,4129,SH,SOLE,4129,0,0
ARROW ELECTRS INC,COM,042735100,341338,3098,SH,SOLE,3098,0,0
VIPSHOP HLDGS LTD,SPONSORED ADS A,92763W103,341169,19286,SH,SOLE,3620,0,15666
LEXEO THERAPEUTICS INC,COM,52886X107,340569,34297,SH,SOLE,0,0,34297
WEBSTER FINL CORP,COM,947890109,339876,5400,SH,SOLE,5400,0,0
PACCAR INC,COM,693718108,339481,3100,SH,SOLE,3100,0,0
EDWARDS LIFESCIENCES CORP,COM,28176E108,339039,3977,SH,SOLE,3977,0,0
ARMSTRONG WORLD INDS INC NEW,COM,04247X102,336527,1761,SH,SOLE,1761,0,0
MONARCH CASINO & RESORT INC,COM,609027107,333993,3490,SH,SOLE,305,0,3185
MANITOWOC CO INC,COM NEW,563571405,333418,27808,SH,SOLE,8839,0,18969
ILLUMINA INC,COM,452327109,332622,2536,SH,SOLE,2536,0,0
ON SEMICONDUCTOR CORP,COM,682189105,329882,6092,SH,SOLE,6092,0,0
QUINSTREET INC,COM,74874Q100,329346,22919,SH,SOLE,338,0,22581
INGLES MKTS INC,CL A,457030104,329040,4800,SH,SOLE,4800,0,0
MACYS INC,COM,55616P104,327112,14835,SH,SOLE,14835,0,0
XCEL ENERGY INC,COM,98389B100,326313,4418,SH,SOLE,4418,0,0
SNAP ON INC,COM,833034101,325647,945,SH,SOLE,945,0,0
CARLISLE COS INC,COM,142339100,325617,1018,SH,SOLE,1018,0,0
DEFINITIVE HEALTHCARE CORP,CLASS A COM,24477E103,325412,113384,SH,SOLE,5501,0,107883
FIRST AMERN FINL CORP,COM,31847R102,324096,5275,SH,SOLE,5275,0,0
INOGEN INC,COM,45780L104,323870,48195,SH,SOLE,46324,0,1871
HEXCEL CORP NEW,COM,428291108,323682,4380,SH,SOLE,4380,0,0
HUNTINGTON BANCSHARES INC,COM,446150104,322953,18614,SH,SOLE,18614,0,0
AMKOR TECHNOLOGY INC,COM,031652100,321525,8144,SH,SOLE,8144,0,0
LABCORP HOLDINGS INC,COM SHS,504922105,320374,1277,SH,SOLE,1277,0,0
DOUGLAS DYNAMICS INC,COM,25960R105,320035,9802,SH,SOLE,9802,0,0
BACKBLAZE INC,COM CL A,05637B105,319932,68655,SH,SOLE,63701,0,4954
CITIZENS FINL GROUP INC,COM,174610105,318101,5446,SH,SOLE,5446,0,0
JEFFERIES FINL GROUP INC,COM,47233W109,316171,5102,SH,SOLE,5102,0,0
REVVITY INC,COM,714046109,314631,3252,SH,SOLE,1805,0,1447
ESAB CORPORATION,COM,29605J106,314380,2814,SH,SOLE,2814,0,0
WINNEBAGO INDS INC,COM,974637100,313503,7737,SH,SOLE,1159,0,6578
CHARTER COMMUNICATIONS INC N,CL A,16119P108,312290,1496,SH,SOLE,1496,0,0
SOUTHERN FIRST BANCSHARES,COM,842873101,309326,6004,SH,SOLE,76,0,5928
CUBESMART,COM,229663109,309021,8572,SH,SOLE,8572,0,0
AFFILIATED MANAGERS GROUP IN,COM,008252108,307883,1068,SH,SOLE,1068,0,0
DICKS SPORTING GOODS INC,COM,253393102,307447,1553,SH,SOLE,1553,0,0
BAYCOM CORP,COM,07272M107,307259,10451,SH,SOLE,2477,0,7974
BUILDERS FIRSTSOURCE INC,COM,12008R107,306612,2980,SH,SOLE,2980,0,0
SUNOPTA INC,COM,8676EP108,305524,80401,SH,SOLE,39861,0,40540
PRUDENTIAL FINL INC,COM,744320102,305340,2705,SH,SOLE,2705,0,0
FOX CORP,CL A COM,35137L105,305067,4175,SH,SOLE,4175,0,0
BWX TECHNOLOGIES INC,COM,05605H100,302470,1750,SH,SOLE,1750,0,0
ANTERO MIDSTREAM CORP,COM,03676B102,295812,16628,SH,SOLE,16628,0,0
PENSKE AUTOMOTIVE GRP INC,COM,70959W103,294419,1860,SH,SOLE,1860,0,0
IRON MTN INC DEL,COM,46284V101,292316,3524,SH,SOLE,3524,0,0
QUEST DIAGNOSTICS INC,COM,74834L100,288754,1664,SH,SOLE,1664,0,0
ENERGY SVCS ACQUISITION CORP,COM,29271Q103,288662,35332,SH,SOLE,2948,0,32384
LINCOLN ELEC HLDGS INC,COM,533900106,286849,1197,SH,SOLE,1197,0,0
NEWMARKET CORP,COM,651587107,286587,417,SH,SOLE,417,0,0
FVCBANKCORP INC,COM,36120Q101,284376,20444,SH,SOLE,1690,0,18754
SUPERIOR GROUP OF CO INC,COM,868358102,284302,29370,SH,SOLE,2048,0,27322
CLEAN ENERGY FUELS CORP,COM,184499101,284061,135267,SH,SOLE,39067,0,96200
RELX PLC,SPONSORED ADR,759530108,283587,7016,SH,SOLE,7016,0,0
CRANE COMPANY,COMMON STOCK,224408104,282731,1533,SH,SOLE,1533,0,0
EQT CORP,COM,26884L109,280221,5228,SH,SOLE,5228,0,0
ALERUS FINL CORP,COM,01446U103,278190,12353,SH,SOLE,466,0,11887
ROYAL GOLD INC,COM,780287108,277418,1248,SH,SOLE,1248,0,0
PUBLIC STORAGE OPER CO,COM,74460D109,276887,1067,SH,SOLE,1067,0,0
GE HEALTHCARE TECHNOLOGIES I,COMMON STOCK,36266G107,276407,3370,SH,SOLE,3370,0,0
GLOBUS MED INC,CL A,379577208,276162,3163,SH,SOLE,3163,0,0
ONEMAIN HLDGS INC,COM,68268W103,276077,4087,SH,SOLE,4087,0,0
FIVE BELOW INC,COM,33829M101,275571,1463,SH,SOLE,1463,0,0
SUN CMNTYS INC,COM,866674104,275080,2220,SH,SOLE,2220,0,0
GAMESTOP CORP NEW,CL A,36467W109,274935,13692,SH,SOLE,13692,0,0
NOV INC,COM,62955J103,273134,17475,SH,SOLE,17475,0,0
CHURCHILL DOWNS INC,COM,171484108,272503,2395,SH,SOLE,2395,0,0
FERGUSON ENTERPRISES INC,COMMON STOCK NEW,31488V107,272499,1224,SH,SOLE,1224,0,0
HDFC BANK LTD,SPONSORED ADS,40415F101,271858,7440,SH,SOLE,7440,0,0
BURLINGTON STORES INC,COM,122017106,271519,940,SH,SOLE,940,0,0
INVESCO LTD,SHS,G491BT108,271159,10322,SH,SOLE,10322,0,0
ALLISON TRANSMISSION HLDGS I,COM,01973R101,271085,2769,SH,SOLE,2769,0,0
BJS WHSL CLUB HLDGS INC,COM,05550J101,270270,3002,SH,SOLE,3002,0,0
BANK OZK LITTLE ROCK ARK,COM,06417N103,269953,5866,SH,SOLE,5866,0,0
OMNICOM GROUP INC,COM,681919106,269140,3333,SH,SOLE,3333,0,0
EAGLE MATLS INC,COM,26969P108,267651,1295,SH,SOLE,1295,0,0
FASTENAL CO,COM,311900104,267105,6656,SH,SOLE,6656,0,0
CITI TRENDS INC,COM,17306X102,265402,6386,SH,SOLE,2017,0,4369
WATERS CORP,COM,941848103,263602,694,SH,SOLE,694,0,0
INTERDIGITAL INC,COM,45867G101,261708,822,SH,SOLE,822,0,0
CYTEK BIOSCIENCES INC,COM,23285D109,260545,51593,SH,SOLE,2520,0,49073
ADTRAN HOLDINGS INC,COM,00486H105,259649,29879,SH,SOLE,698,0,29181
LITHIA MTRS INC,COM,536797103,258553,778,SH,SOLE,778,0,0
DOMINOS PIZZA INC,COM,25754A201,258012,619,SH,SOLE,619,0,0
ENERSYS,COM,29275Y102,257987,1758,SH,SOLE,1758,0,0
JANUS HENDERSON GROUP PLC,ORD SHS,G4474Y214,256402,5390,SH,SOLE,5390,0,0
ENCOMPASS HEALTH CORP,COM,29261A100,254736,2400,SH,SOLE,2400,0,0
CARMAX INC,COM,143130102,253324,6556,SH,SOLE,6556,0,0
FIRST BUSINESS FINL SVCS INC,COM,319390100,251572,4633,SH,SOLE,1797,0,2836
WIPRO LTD,SPON ADR 1 SH,97651M109,251556,88576,SH,SOLE,88576,0,0
DOLLAR TREE INC,COM,256746108,251555,2045,SH,SOLE,2045,0,0
COMERICA INC,COM,200340107,249141,2866,SH,SOLE,2866,0,0
ANGLOGOLD ASHANTI PLC,COM SHS,G0378L100,249103,2921,SH,SOLE,2921,0,0
AMERICAN HOMES 4 RENT,CL A,02665T306,249096,7760,SH,SOLE,7760,0,0
EPR PPTYS,COM SH BEN INT,26884U109,249001,4990,SH,SOLE,4990,0,0
RANGE RES CORP,COM,75281A109,247984,7033,SH,SOLE,7033,0,0
TENCENT MUSIC ENTMT GROUP,SPON ADS,88034P109,247734,14132,SH,SOLE,11541,0,2591
SOUTHSTATE BK CORP,COM,84472E102,247698,2632,SH,SOLE,2632,0,0
ULTA BEAUTY INC,COM,90384S303,247449,409,SH,SOLE,409,0,0
MERCURY SYS INC,COM,589378108,245460,3362,SH,SOLE,3362,0,0
BRIGHTHOUSE FINL INC,COM,10922N103,241991,3735,SH,SOLE,3735,0,0
MACROGENICS INC,COM,556099109,241598,150061,SH,SOLE,150061,0,0
TERADATA CORP DEL,COM,88076W103,239959,7883,SH,SOLE,7883,0,0
OKTA INC,CL A,679295105,239435,2769,SH,SOLE,2769,0,0
KIRBY CORP,COM,497266106,239201,2171,SH,SOLE,2171,0,0
TIMKEN CO,COM,887389104,239097,2842,SH,SOLE,2842,0,0
OLD REP INTL CORP,COM,680223104,238880,5234,SH,SOLE,5234,0,0
REMITLY GLOBAL INC,COM,75960P104,238174,17259,SH,SOLE,3698,0,13561
AMERICAN AIRLS GROUP INC,COM,02376R102,237968,15523,SH,SOLE,15523,0,0
XYLEM INC,COM,98419M100,237770,1746,SH,SOLE,1746,0,0
LOEWS CORP,COM,540424108,237474,2255,SH,SOLE,2255,0,0
KBR INC,COM,48242W106,237180,5900,SH,SOLE,5900,0,0
TEXAS ROADHOUSE INC,COM,882681109,234060,1410,SH,SOLE,1410,0,0
PILGRIMS PRIDE CORP,COM,72147K108,234057,6003,SH,SOLE,6003,0,0
UMB FINL CORP,COM,902788108,233761,2032,SH,SOLE,2032,0,0
PROTARA THERAPEUTICS INC,COM STK,74365U107,233433,43796,SH,SOLE,43796,0,0
RAYONIER INC,COM,754907103,233149,10769,SH,SOLE,10769,0,0
JACKSON FINANCIAL INC,COM CL A,46817M107,232390,2179,SH,SOLE,2179,0,0
MARKEL GROUP INC,COM,570535104,232162,108,SH,SOLE,108,0,0
MKS INC.,COM,55306N104,231710,1450,SH,SOLE,1450,0,0
TRIMBLE INC,COM,896239100,230897,2947,SH,SOLE,2947,0,0
DOLLAR GEN CORP NEW,COM,256677105,229692,1730,SH,SOLE,1730,0,0
OTIS WORLDWIDE CORP,COM,68902V107,229468,2627,SH,SOLE,2627,0,0
EQUIFAX INC,COM,294429105,229348,1057,SH,SOLE,1057,0,0
CF BANKSHARES INC,COM,12520L109,226870,9093,SH,SOLE,9093,0,0
WEX INC,COM,96208T104,226450,1520,SH,SOLE,1520,0,0
KROGER CO,COM,501044101,226178,3620,SH,SOLE,3620,0,0
MID-AMER APT CMNTYS INC,COM,59522J103,226145,1628,SH,SOLE,1628,0,0
CDW CORP,COM,12514G108,224730,1650,SH,SOLE,1650,0,0
LINCOLN NATL CORP IND,COM,534187109,223362,5016,SH,SOLE,5016,0,0
WESTERN ALLIANCE BANCORP,COM,957638109,222785,2650,SH,SOLE,2650,0,0
ZTO EXPRESS CAYMAN INC,SPONSORED ADS A,98980A105,222374,10645,SH,SOLE,10645,0,0
PARKE BANCORP INC,COM,700885106,220753,8816,SH,SOLE,1075,0,7741
RPM INTL INC,COM,749685103,220480,2120,SH,SOLE,2120,0,0
KALTURA INC,COM,483467106,218253,133081,SH,SOLE,8336,0,124745
LCNB CORP,COM,50181P100,217069,13244,SH,SOLE,8480,0,4764
SENSIENT TECHNOLOGIES CORP,COM,81725T100,216085,2300,SH,SOLE,2300,0,0
AKAMAI TECHNOLOGIES INC,COM,00971T101,215159,2466,SH,SOLE,2466,0,0
IDEXX LABS INC,COM,45168D104,214460,317,SH,SOLE,317,0,0
MADISON SQUARE GRDN SPRT COR,CL A,55825T103,214421,829,SH,SOLE,829,0,0
AIR LEASE CORP,CL A,00912X302,213501,3324,SH,SOLE,3324,0,0
ARCTURUS THERAPEUTICS HLDGS,COM,03969T109,213128,34768,SH,SOLE,34768,0,0
TETRA TECH INC NEW,COM,88162G103,212979,6350,SH,SOLE,6350,0,0
TREDEGAR CORP,COM,894650100,212183,29552,SH,SOLE,1017,0,28535
TRAVEL PLUS LEISURE CO,COM,894164102,211943,3005,SH,SOLE,3005,0,0
BRUNSWICK CORP,COM,117043109,211732,2852,SH,SOLE,2852,0,0
OLD NATL BANCORP IND,COM,680033107,210673,9443,SH,SOLE,9443,0,0
PRINCIPAL FINANCIAL GROUP IN,COM,74251V102,209940,2380,SH,SOLE,1489,0,891
METTLER TOLEDO INTERNATIONAL,COM,592688105,209129,150,SH,SOLE,150,0,0
NEWS CORP NEW,CL A,65249B109,208229,7972,SH,SOLE,7972,0,0
FORTRESS BIOTECH INC,COM NEW,34960Q307,207405,56668,SH,SOLE,56668,0,0
SELECTIVE INS GROUP INC,COM,816300107,207167,2476,SH,SOLE,2476,0,0
TELEPHONE & DATA SYS INC,COM NEW,879433829,206722,5042,SH,SOLE,5042,0,0
QUANTUMSCAPE CORP,COM CL A,74767V109,206389,19807,SH,SOLE,19807,0,0
VORNADO RLTY TR,SH BEN INT,929042109,206369,6201,SH,SOLE,6201,0,0
LENNAR CORP,CL B,526057302,206315,2169,SH,SOLE,2169,0,0
TEGNA INC,COM,87901J105,206192,10623,SH,SOLE,10623,0,0
NNN REIT INC,COM,637417106,205997,5198,SH,SOLE,5198,0,0
ALASKA AIR GROUP INC,COM,011659109,205425,4084,SH,SOLE,4084,0,0
GLOBE LIFE INC,COM,37959E102,205314,1468,SH,SOLE,1468,0,0
ACLARIS THERAPEUTICS INC,COM,00461U105,205252,68190,SH,SOLE,37670,0,30520
DARDEN RESTAURANTS INC,COM,237194105,204998,1114,SH,SOLE,1114,0,0
NEWS CORP NEW,CL B,65249B208,204743,6910,SH,SOLE,6910,0,0
ICU MED INC,COM,44930G107,204731,1435,SH,SOLE,1435,0,0
NORDSON CORP,COM,655663102,204366,850,SH,SOLE,850,0,0
CENTERPOINT ENERGY INC,COM,15189T107,202780,5289,SH,SOLE,5289,0,0
WHITESTONE REIT,COM,966084204,202030,14545,SH,SOLE,14545,0,0
KIMCO RLTY CORP,COM,49446R109,201687,9950,SH,SOLE,9950,0,0
ACCO BRANDS CORP,COM,00081T108,201092,53912,SH,SOLE,0,0,53912
SYNOVUS FINL CORP,COM NEW,87161C501,200500,4006,SH,SOLE,4006,0,0
MATTEL INC,COM,577081102,199471,10054,SH,SOLE,10054,0,0
PETROLEO BRASILEIRO SA PETRO,SP ADR NON VTG,71654V101,197800,17551,SH,SOLE,17551,0,0
LEGGETT & PLATT INC,COM,524660107,197439,17949,SH,SOLE,17949,0,0
SHOE CARNIVAL INC,COM,824889109,191504,11345,SH,SOLE,538,0,10807
CERUS CORP,COM,157085101,190552,92501,SH,SOLE,92501,0,0
KOLIBRI GLOBAL ENERGY INC,COM NEW,50043K406,190212,48400,SH,SOLE,4169,0,44231
IRONWOOD PHARMACEUTICALS INC,COM CL A,46333X108,183355,54408,SH,SOLE,20875,0,33533
KE HLDGS INC,SPONSORED ADS,482497104,182201,11561,SH,SOLE,11561,0,0
CORE LABORATORIES INC,COM,21867A105,182197,11366,SH,SOLE,0,0,11366
QUAD / GRAPHICS INC,COM CL A,747301109,173836,27725,SH,SOLE,68,0,27657
BASSETT FURNITURE INDS INC,COM,070203104,171756,10248,SH,SOLE,921,0,9327
FUELCELL ENERGY INC,COM NEW,35952H700,165900,22695,SH,SOLE,22695,0,0
TRAVELZOO,COM NEW,89421Q205,155736,21873,SH,SOLE,2094,0,19779
SPORTSMANS WHSE HLDGS INC,COM,84920Y106,154980,106151,SH,SOLE,106151,0,0
VIATRIS INC,COM,92556V106,148765,11949,SH,SOLE,11949,0,0
CHEMOURS CO,COM,163851108,148613,12605,SH,SOLE,12605,0,0
HUNTSMAN CORP,COM,447011107,139880,13988,SH,SOLE,13988,0,0
ARDAGH METAL PACKAGING S A,SHS,L02235106,131352,32037,SH,SOLE,0,0,32037
NIO INC,SPON ADS,62914V106,123058,24129,SH,SOLE,24129,0,0
TAL EDUCATION GROUP,SPONSORED ADS,874080104,121559,11142,SH,SOLE,11142,0,0
AMERICAN AXLE & MFG HLDGS IN,COM,024061103,117213,18286,SH,SOLE,0,0,18286
ZENTALIS PHARMACEUTICALS INC,COM,98943L107,116964,86640,SH,SOLE,86640,0,0
SIEBERT FINL CORP,COM,826176109,115139,32803,SH,SOLE,3135,0,29668
BUZZFEED INC,CL A NEW,12430A300,99949,107460,SH,SOLE,107460,0,0
KELLY SVCS INC,CL A,488152208,95762,10882,SH,SOLE,5929,0,4953
GENWORTH FINL INC,COM SHS,37247D106,94815,10500,SH,SOLE,10500,0,0
TTEC HLDGS INC,COM,89854H102,81958,22766,SH,SOLE,0,0,22766
MEDICAL PPTYS TRUST INC,COM,58463J304,76800,15360,SH,SOLE,15360,0,0
W & T OFFSHORE INC,COM,92922P106,70851,43467,SH,SOLE,8349,0,35118
ACCURAY INC,COM,004397105,70082,84989,SH,SOLE,60934,0,24055
RED ROBIN GOURMET BURGERS IN,COM,75689M101,64877,16019,SH,SOLE,16019,0,0
TAYSHA GENE THERAPIES INC,COM SHS,877619106,63657,11574,SH,SOLE,11574,0,0
BARK INC,COM,68622E104,58274,96720,SH,SOLE,301,0,96419
ROCKWELL MED INC,COM NEW,774374300,56069,67269,SH,SOLE,67269,0,0
REZOLUTE INC,COM NEW,76200L309,53525,22680,SH,SOLE,656,0,22024
METAGENOMI INC,COM,59102M104,52780,32580,SH,SOLE,32580,0,0
PHUNWARE INC,COM NEW,71948P209,52768,28523,SH,SOLE,28523,0,0
DHI GROUP INC,COM,23331S100,49936,32217,SH,SOLE,32217,0,0
TRANSOCEAN LTD,REGISTERED SHS,H8817H100,45806,11091,SH,SOLE,11091,0,0
UNIVERSAL ELECTRS INC,COM,913483103,43966,12179,SH,SOLE,12179,0,0
JASPER THERAPEUTICS INC,COM NEW,471871202,35432,19362,SH,SOLE,19362,0,0
MICROVAST HOLDINGS INC,COM,59516C106,30366,10845,SH,SOLE,10845,0,0
FARMER BROS CO,COM,307675108,27330,18719,SH,SOLE,18719,0,0
TSCAN THERAPEUTICS INC,COM,89854M101,25256,25256,SH,SOLE,25256,0,0
